course,country,distance,distance_yards,surface,races,valid_times,median_seconds,stdev_seconds,stdev_per_furlong
Ascot,ENG,5f,1100,TURF,18,18,59.610,1.583,0.317
Ascot,ENG,6f,1320,TURF,28,28,73.265,1.777,0.296
Ascot,ENG,7f,1540,TURF,21,21,87.390,2.409,0.344
Ascot,ENG,7f 213y,1753,TURF,12,12,100.345,2.640,0.331
Ascot,ENG,1m,1760,TURF,20,20,99.375,2.385,0.298
Ascot,ENG,1m 1f 212y,2192,TURF,10,10,127.185,2.805,0.282
Ascot,ENG,1m 3f 211y,2631,TURF,20,20,152.725,2.803,0.234
Ascot,ENG,1m 6f 34y,3114,TURF,3,3,184.630,4.915,0.347
Ascot,ENG,1m 7f 209y,3509,TURF,10,10,210.195,5.885,0.369
Ayr,Scot,5f,1100,TURF,23,23,59.170,1.531,0.306
Ayr,Scot,5f 110y,1210,TURF,2,2,66.680,0.014,0.003
Ayr,Scot,6f,1320,TURF,46,46,72.380,1.854,0.309
Ayr,Scot,7f 50y,1590,TURF,43,43,91.240,2.571,0.356
Ayr,Scot,1m,1760,TURF,35,35,101.860,3.401,0.425
Ayr,Scot,1m 1f 20y,2000,TURF,2,2,113.900,0.806,0.089
Ayr,Scot,1m 2f,2200,TURF,34,34,130.080,3.833,0.383
Ayr,Scot,1m 5f 26y,2886,TURF,12,12,177.505,5.178,0.395
Ayr,Scot,1m 7f,3300,TURF,4,4,206.115,6.311,0.421
Ballinrobe,Eire,1m 1f 133y,2113,TURF,6,6,128.580,1.615,0.168
Ballinrobe,Eire,1m 1f 135y,2115,TURF,8,8,126.945,1.711,0.178
Ballinrobe,Eire,1m 1f 138y,2118,TURF,5,5,129.490,0.782,0.081
Ballinrobe,Eire,1m 1f 163y,2143,TURF,10,10,129.345,1.821,0.187
Ballinrobe,Eire,1m 4f 179y,2819,TURF,3,3,172.880,1.602,0.125
Ballinrobe,Eire,1m 4f 183y,2823,TURF,2,2,177.190,1.471,0.115
Ballinrobe,Eire,1m 4f 184y,2824,TURF,3,3,178.940,1.061,0.083
Ballinrobe,Eire,1m 4f 202y,2842,TURF,2,2,177.950,4.172,0.323
Ballinrobe,Eire,1m 5f,2860,TURF,2,2,179.490,0.071,0.005
Ballinrobe,Eire,1m 5f 9y,2869,TURF,2,2,176.760,0.537,0.041
Bath,ENG,5f 10y,1110,TURF,42,42,61.845,1.745,0.346
Bath,ENG,5f 160y,1260,TURF,62,62,70.840,1.331,0.232
Bath,ENG,1m,1760,TURF,64,64,101.005,2.833,0.354
Bath,ENG,1m 2f 37y,2237,TURF,26,26,130.095,2.339,0.230
Bath,ENG,1m 3f 137y,2557,TURF,16,16,149.090,6.941,0.597
Bath,ENG,1m 5f 11y,2871,TURF,2,2,170.775,0.304,0.023
Bath,ENG,1m 6f,3080,TURF,10,10,184.295,4.825,0.345
Bath,ENG,2m 1f 24y,3764,TURF,6,6,234.800,7.622,0.445
Bellewstown,Eire,5f 3y,1103,TURF,18,18,60.125,2.150,0.429
Bellewstown,Eire,7f 195y,1735,TURF,19,19,101.180,2.335,0.296
Bellewstown,Eire,7f 205y,1745,TURF,6,6,109.105,1.410,0.178
Bellewstown,Eire,7f 211y,1751,TURF,6,6,102.720,0.892,0.112
Bellewstown,Eire,1m 3f 90y,2510,TURF,2,2,170.200,3.875,0.340
Bellewstown,Eire,1m 4f 37y,2677,TURF,5,5,163.050,1.321,0.109
Bellewstown,Eire,1m 4f 71y,2711,TURF,2,2,165.330,1.499,0.122
Bellewstown,Eire,1m 4f 77y,2717,TURF,3,3,173.810,0.367,0.030
Bellewstown,Eire,1m 4f 97y,2737,TURF,1,1,162.330,-,-
Bellewstown,Eire,1m 4f 110y,2750,TURF,2,2,175.875,2.157,0.173
Bellewstown,Eire,1m 6f 109y,3189,TURF,2,2,194.005,2.496,0.172
Bellewstown,Eire,2m 1f 110y,3850,TURF,1,1,235.360,-,-
Beverley,ENG,5f,1100,TURF,81,81,63.030,2.005,0.401
Beverley,ENG,7f 75y,1615,TURF,9,9,93.630,2.841,0.387
Beverley,ENG,7f 96y,1636,TURF,50,50,93.085,1.741,0.234
Beverley,ENG,1m 100y,1860,TURF,36,36,106.815,2.132,0.252
Beverley,ENG,1m 1f 207y,2187,TURF,35,35,125.980,2.668,0.268
Beverley,ENG,1m 4f 23y,2663,TURF,24,23,158.480,2.933,0.242
Beverley,ENG,2m 32y,3552,TURF,4,4,217.810,8.594,0.532
Brighton,ENG,5f 60y,1160,TURF,32,32,62.165,1.046,0.198
Brighton,ENG,5f 215y,1315,TURF,42,42,70.115,1.537,0.257
Brighton,ENG,6f 210y,1530,TURF,52,52,82.835,1.979,0.285
Brighton,ENG,7f 216y,1756,TURF,39,39,95.870,2.719,0.341
Brighton,ENG,1m,1760,TURF,1,1,105.600,-,-
Brighton,ENG,1m 1f 207y,2187,TURF,27,27,123.370,2.153,0.217
Brighton,ENG,1m 3f 198y,2618,TURF,20,20,154.865,3.193,0.268
Carlisle,ENG,5f,1100,TURF,18,18,61.980,1.686,0.337
Carlisle,ENG,5f 182y,1282,TURF,41,41,74.310,1.923,0.330
Carlisle,ENG,6f 195y,1515,TURF,34,34,88.200,1.808,0.263
Carlisle,ENG,7f 173y,1713,TURF,32,32,100.865,2.865,0.368
Carlisle,ENG,1m 1f,1980,TURF,13,13,120.000,3.263,0.363
Carlisle,ENG,1m 3f 39y,2459,TURF,17,17,146.100,4.081,0.365
Carlisle,ENG,1m 6f 32y,3112,TURF,6,6,189.415,5.685,0.402
Carlisle,ENG,2m 1f 47y,3787,TURF,3,3,243.130,9.620,0.559
Catterick,ENG,5f,1100,TURF,46,46,59.100,1.140,0.228
Catterick,ENG,5f 212y,1312,TURF,43,43,72.670,1.520,0.255
Catterick,ENG,7f 6y,1546,TURF,56,56,85.500,1.819,0.259
Catterick,ENG,1m 4f 13y,2653,TURF,26,26,157.095,3.678,0.305
Catterick,ENG,1m 5f 192y,3052,TURF,7,7,182.580,4.080,0.294
Catterick,ENG,1m 7f 189y,3489,TURF,12,12,208.540,6.391,0.403
Chepstow,Wale,5f 16y,1116,TURF,42,42,59.320,1.414,0.279
Chepstow,Wale,6f 16y,1336,TURF,43,43,71.540,1.471,0.242
Chepstow,Wale,7f 16y,1556,TURF,46,46,83.210,2.046,0.289
Chepstow,Wale,1m 14y,1774,TURF,31,31,94.730,2.722,0.338
Chepstow,Wale,1m 2f,2200,TURF,19,19,127.970,2.462,0.246
Chepstow,Wale,1m 4f,2640,TURF,15,15,156.600,3.337,0.278
Chepstow,Wale,2m,3520,TURF,1,1,221.020,-,-
Chester,ENG,5f 15y,1115,TURF,20,20,60.555,1.299,0.256
Chester,ENG,5f 110y,1210,TURF,5,5,67.230,2.951,0.537
Chester,ENG,6f 17y,1337,TURF,35,35,74.890,2.169,0.357
Chester,ENG,7f 1y,1541,TURF,32,32,86.625,2.135,0.305
Chester,ENG,7f 127y,1667,TURF,27,27,92.990,2.694,0.355
Chester,ENG,1m 2f 70y,2270,TURF,30,30,130.135,4.076,0.395
Chester,ENG,1m 3f 75y,2495,TURF,2,2,147.730,2.008,0.177
Chester,ENG,1m 4f 63y,2703,TURF,22,22,159.110,3.392,0.276
Chester,ENG,1m 5f 84y,2944,TURF,2,2,172.000,5.289,0.395
Chester,ENG,1m 6f 87y,3167,TURF,6,6,188.345,9.490,0.659
Chester,ENG,1m 7f 196y,3496,TURF,10,10,210.835,3.793,0.239
Chester,ENG,2m 2f 140y,4100,TURF,4,4,245.330,2.161,0.116
Clonmel,Eire,1m 1f 130y,2110,TURF,5,5,128.830,1.952,0.204
Clonmel,Eire,2m 144y,3664,TURF,3,3,237.430,3.817,0.229
Cork,Eire,5f,1100,TURF,32,32,59.890,2.059,0.412
Cork,Eire,5f 110y,1210,TURF,2,2,67.340,3.451,0.627
Cork,Eire,6f,1320,TURF,19,19,72.920,2.353,0.392
Cork,Eire,7f,1540,TURF,18,18,85.840,3.019,0.431
Cork,Eire,1m,1760,TURF,22,22,102.840,2.424,0.303
Cork,Eire,1m 2f 90y,2290,TURF,7,7,132.020,4.255,0.409
Cork,Eire,1m 2f 100y,2300,TURF,6,6,138.785,3.006,0.288
Cork,Eire,1m 2f 120y,2320,TURF,2,2,143.210,0.919,0.087
Cork,Eire,1m 4f,2640,TURF,9,9,155.850,2.446,0.204
Cork,Eire,1m 4f 25y,2665,TURF,5,5,166.520,7.318,0.604
Cork,Eire,1m 4f 30y,2670,TURF,2,2,164.420,0.410,0.034
Curragh,Eire,5f,1100,TURF,31,31,59.680,2.648,0.530
Curragh,Eire,6f,1320,TURF,80,80,72.890,2.926,0.488
Curragh,Eire,6f 63y,1383,TURF,11,11,76.580,1.784,0.284
Curragh,Eire,7f,1540,TURF,60,60,87.035,3.140,0.449
Curragh,Eire,1m,1760,TURF,55,55,99.350,4.724,0.591
Curragh,Eire,1m 1f,1980,TURF,9,9,113.250,6.549,0.728
Curragh,Eire,1m 2f,2200,TURF,39,39,126.500,5.341,0.534
Curragh,Eire,1m 2f 110y,2310,TURF,2,2,127.605,1.138,0.108
Curragh,Eire,1m 4f,2640,TURF,28,28,155.595,6.879,0.573
Curragh,Eire,1m 6f,3080,TURF,9,9,181.890,8.800,0.629
Curragh,Eire,1m 6f 4y,3084,TURF,1,1,178.300,-,-
Curragh,Eire,1m 6f 16y,3096,TURF,1,1,181.810,-,-
Curragh,Eire,2m,3520,TURF,1,1,211.350,-,-
Curragh,Eire,2m 71y,3591,TURF,1,1,235.500,-,-
Curragh,Eire,2m 76y,3596,TURF,1,1,210.260,-,-
Curragh,Eire,2m 170y,3690,TURF,1,1,226.430,-,-
Doncaster,ENG,5f 3y,1103,TURF,25,25,59.280,1.404,0.280
Doncaster,ENG,5f 143y,1243,TURF,4,4,66.595,0.433,0.077
Doncaster,ENG,6f 2y,1322,TURF,58,58,72.265,2.584,0.430
Doncaster,ENG,6f 111y,1431,TURF,6,6,78.970,1.482,0.228
Doncaster,ENG,7f 6y,1546,TURF,91,91,85.910,2.457,0.350
Doncaster,ENG,7f 213y,1753,TURF,22,22,98.595,1.331,0.167
Doncaster,ENG,1m,1760,TURF,22,22,100.345,2.682,0.335
Doncaster,ENG,1m 2f,2200,TURF,1,1,140.020,-,-
Doncaster,ENG,1m 2f 43y,2243,TURF,42,42,130.855,3.442,0.338
Doncaster,ENG,1m 2f 60y,2260,TURF,1,1,139.350,-,-
Doncaster,ENG,1m 3f 197y,2617,TURF,25,25,153.640,3.219,0.271
Doncaster,ENG,1m 6f 115y,3195,TURF,12,12,188.055,5.164,0.356
Doncaster,ENG,2m 109y,3629,TURF,2,2,228.695,3.741,0.227
Doncaster,ENG,2m 1f 197y,3937,TURF,1,1,232.240,-,-
Epsom Downs,ENG,5f,1100,TURF,5,5,56.030,0.726,0.145
Epsom Downs,ENG,6f 3y,1323,TURF,14,14,69.695,1.646,0.274
Epsom Downs,ENG,7f 3y,1543,TURF,39,39,83.420,1.386,0.198
Epsom Downs,ENG,1m 113y,1873,TURF,26,26,106.490,1.881,0.221
Epsom Downs,ENG,1m 2f 17y,2217,TURF,23,23,129.270,2.565,0.255
Epsom Downs,ENG,1m 4f 6y,2646,TURF,26,26,160.915,3.457,0.287
Fairyhouse,Eire,6f,1320,TURF,20,20,74.440,1.090,0.182
Fairyhouse,Eire,6f 20y,1340,TURF,2,2,75.055,0.389,0.064
Fairyhouse,Eire,6f 25y,1345,TURF,8,8,76.720,0.533,0.087
Fairyhouse,Eire,7f,1540,TURF,21,21,87.850,1.405,0.201
Fairyhouse,Eire,1m 160y,1920,TURF,2,2,111.585,0.460,0.053
Fairyhouse,Eire,1m 1f 190y,2170,TURF,3,3,127.170,1.895,0.192
Fairyhouse,Eire,1m 1f 210y,2190,TURF,3,3,131.520,112.137,11.265
Fairyhouse,Eire,1m 2f,2200,TURF,6,6,128.960,1.496,0.150
Fairyhouse,Eire,1m 3f 200y,2620,TURF,2,2,156.730,0.212,0.018
Fairyhouse,Eire,1m 4f,2640,TURF,3,3,158.760,1.083,0.090
Fairyhouse,Eire,1m 5f 200y,3060,TURF,2,2,178.090,2.418,0.174
Fairyhouse,Eire,1m 6f,3080,TURF,2,2,178.765,1.379,0.098
Fairyhouse,Eire,1m 6f 40y,3120,TURF,1,1,185.480,-,-
Fairyhouse,Eire,2m 4f,4400,TURF,2,2,321.950,12.092,0.605
Ffos Las,Wale,5f,1100,TURF,18,18,58.470,2.095,0.419
Ffos Las,Wale,6f,1320,TURF,22,22,70.550,2.620,0.437
Ffos Las,Wale,7f 80y,1620,TURF,35,35,94.130,4.446,0.604
Ffos Las,Wale,1m,1760,TURF,24,24,103.050,3.191,0.399
Ffos Las,Wale,1m 1f,1980,TURF,1,1,117.520,-,-
Ffos Las,Wale,1m 2f,2200,TURF,22,22,132.050,5.824,0.582
Ffos Las,Wale,1m 3f 209y,2629,TURF,21,21,158.960,4.529,0.379
Ffos Las,Wale,1m 6f,3080,TURF,6,6,191.835,9.398,0.671
Ffos Las,Wale,2m,3520,TURF,7,7,219.060,8.820,0.551
Galway,Eire,7f,1540,TURF,28,28,91.695,2.647,0.378
Galway,Eire,1m 73y,1833,TURF,8,8,109.140,2.808,0.337
Galway,Eire,1m 98y,1858,TURF,7,7,109.540,1.438,0.170
Galway,Eire,1m 123y,1883,TURF,6,6,113.345,2.452,0.286
Galway,Eire,1m 3f 180y,2600,TURF,4,4,162.010,8.507,0.720
Galway,Eire,1m 4f,2640,TURF,9,9,164.690,4.571,0.381
Galway,Eire,1m 4f 43y,2683,TURF,2,2,172.055,0.559,0.046
Galway,Eire,1m 4f 84y,2724,TURF,2,2,172.605,1.902,0.154
Galway,Eire,1m 6f 14y,3094,TURF,4,4,192.465,3.724,0.265
Galway,Eire,2m 110y,3630,TURF,2,2,232.495,0.912,0.055
Galway,Eire,2m 179y,3699,TURF,2,2,233.465,2.779,0.165
Goodwood,ENG,5f,1100,TURF,34,34,57.580,1.541,0.308
Goodwood,ENG,6f,1320,TURF,39,39,71.790,2.123,0.354
Goodwood,ENG,7f,1540,TURF,31,31,86.530,2.046,0.292
Goodwood,ENG,1m,1760,TURF,38,38,99.540,2.991,0.374
Goodwood,ENG,1m 1f 11y,1991,TURF,9,9,117.030,4.025,0.445
Goodwood,ENG,1m 1f 197y,2177,TURF,33,33,129.260,4.001,0.404
Goodwood,ENG,1m 3f 44y,2464,TURF,6,6,146.035,4.152,0.371
Goodwood,ENG,1m 3f 218y,2638,TURF,22,22,159.415,3.601,0.300
Goodwood,ENG,1m 6f,3080,TURF,15,15,184.080,4.618,0.330
Goodwood,ENG,2m,3520,TURF,12,12,209.780,6.117,0.382
Goodwood,ENG,2m 4f 97y,4497,TURF,1,1,269.550,-,-
Goodwood,ENG,2m 4f 137y,4537,TURF,1,1,266.350,-,-
Gowran Park,Eire,7f,1540,TURF,44,44,88.285,2.886,0.412
Gowran Park,Eire,7f 180y,1720,TURF,5,5,104.360,0.998,0.128
Gowran Park,Eire,1m,1760,TURF,43,43,101.570,2.772,0.347
Gowran Park,Eire,1m 75y,1835,TURF,4,4,116.685,0.884,0.106
Gowran Park,Eire,1m 1f 100y,2080,TURF,29,29,123.350,4.472,0.473
Gowran Park,Eire,1m 1f 110y,2090,TURF,5,5,121.840,1.876,0.197
Gowran Park,Eire,1m 1f 120y,2100,TURF,6,6,122.785,2.100,0.220
Gowran Park,Eire,1m 1f 130y,2110,TURF,8,8,128.525,2.198,0.229
Gowran Park,Eire,1m 3f 175y,2595,TURF,1,1,168.400,-,-
Gowran Park,Eire,1m 4f,2640,TURF,1,1,163.710,-,-
Gowran Park,Eire,1m 4f 20y,2660,TURF,1,1,153.630,-,-
Gowran Park,Eire,1m 4f 40y,2680,TURF,2,2,156.025,0.035,0.003
Gowran Park,Eire,1m 4f 50y,2690,TURF,1,1,157.450,-,-
Gowran Park,Eire,1m 4f 100y,2740,TURF,3,3,158.940,5.829,0.468
Gowran Park,Eire,1m 5f 160y,3020,TURF,2,2,197.130,3.041,0.221
Gowran Park,Eire,1m 5f 170y,3030,TURF,1,1,181.310,-,-
Gowran Park,Eire,1m 5f 180y,3040,TURF,1,1,195.120,-,-
Gowran Park,Eire,1m 5f 185y,3045,TURF,1,1,185.920,-,-
Gowran Park,Eire,1m 6f,3080,TURF,5,5,183.720,7.183,0.513
Gowran Park,Eire,2m 100y,3620,TURF,1,1,223.200,-,-
Hamilton,Scot,5f 7y,1107,TURF,53,53,58.780,1.300,0.258
Hamilton,Scot,6f 6y,1326,TURF,57,57,71.200,1.351,0.224
Hamilton,Scot,1m 68y,1828,TURF,42,42,106.620,1.950,0.235
Hamilton,Scot,1m 1f 35y,2015,TURF,19,19,117.360,2.392,0.261
Hamilton,Scot,1m 3f 15y,2435,TURF,23,23,143.620,2.510,0.227
Hamilton,Scot,1m 4f 15y,2655,TURF,13,13,157.680,2.849,0.236
Hamilton,Scot,1m 5f 16y,2876,TURF,17,17,172.380,3.328,0.255
Haydock,ENG,5f,1100,TURF,21,21,60.000,1.355,0.271
Haydock,ENG,6f,1320,TURF,30,30,73.410,2.097,0.349
Haydock,ENG,6f 212y,1532,TURF,35,35,88.600,2.097,0.301
Haydock,ENG,7f 37y,1577,TURF,11,11,90.900,1.350,0.188
Haydock,ENG,7f 212y,1752,TURF,20,20,102.110,2.295,0.288
Haydock,ENG,1m 37y,1797,TURF,15,15,102.430,2.776,0.340
Haydock,ENG,1m 2f 42y,2242,TURF,18,18,132.555,2.536,0.249
Haydock,ENG,1m 2f 100y,2300,TURF,8,8,133.035,2.506,0.240
Haydock,ENG,1m 3f 140y,2560,TURF,8,8,152.790,3.311,0.285
Haydock,ENG,1m 3f 175y,2595,TURF,9,9,154.870,2.621,0.222
Haydock,ENG,1m 6f,3080,TURF,8,8,190.205,2.290,0.164
Haydock,ENG,1m 6f 1y,3081,TURF,3,3,181.300,4.479,0.320
Haydock,ENG,2m 45y,3565,TURF,2,2,221.765,9.581,0.591
Haydock,ENG,2m 46y,3566,TURF,2,2,215.900,0.721,0.044
Killarney,Eire,1m 20y,1780,TURF,8,8,104.970,0.932,0.115
Killarney,Eire,1m 30y,1790,TURF,20,20,104.850,2.151,0.264
Killarney,Eire,1m 31y,1791,TURF,8,8,103.925,0.828,0.102
Killarney,Eire,1m 40y,1800,TURF,10,10,106.045,2.721,0.333
Killarney,Eire,1m 3f 50y,2470,TURF,5,5,149.920,4.200,0.374
Killarney,Eire,1m 3f 73y,2493,TURF,6,6,148.950,3.520,0.311
Killarney,Eire,1m 3f 88y,2508,TURF,2,2,148.740,3.026,0.265
Killarney,Eire,1m 3f 103y,2523,TURF,2,2,151.050,1.499,0.131
Killarney,Eire,1m 6f 44y,3124,TURF,2,2,194.135,2.906,0.205
Killarney,Eire,1m 6f 55y,3135,TURF,2,2,196.900,5.049,0.354
Killarney,Eire,1m 6f 80y,3160,TURF,6,6,191.070,4.498,0.313
Killarney,Eire,2m 180y,3700,TURF,2,2,230.445,1.846,0.110
Killarney,Eire,2m 182y,3702,TURF,2,2,235.030,12.374,0.735
Killarney,Eire,2m 185y,3705,TURF,2,2,232.940,1.004,0.060
Leicester,ENG,5f,1100,TURF,23,23,59.790,1.081,0.216
Leicester,ENG,6f,1320,TURF,52,52,71.290,1.517,0.253
Leicester,ENG,7f,1540,TURF,58,58,84.735,1.509,0.216
Leicester,ENG,1m 53y,1813,TURF,26,26,105.395,2.105,0.255
Leicester,ENG,1m 2f,2200,TURF,35,35,128.370,1.726,0.173
Leicester,ENG,1m 3f 179y,2599,TURF,22,22,153.285,3.422,0.290
Leopardstown,Eire,6f 110y,1430,TURF,2,2,81.580,2.121,0.326
Leopardstown,Eire,7f,1540,TURF,16,16,87.375,2.008,0.287
Leopardstown,Eire,7f 14y,1554,TURF,2,2,90.720,1.273,0.180
Leopardstown,Eire,7f 20y,1560,TURF,2,2,93.745,2.284,0.322
Leopardstown,Eire,7f 24y,1564,TURF,1,1,98.270,-,-
Leopardstown,Eire,7f 30y,1570,TURF,8,8,90.090,2.455,0.344
Leopardstown,Eire,7f 33y,1573,TURF,2,2,89.815,1.096,0.153
Leopardstown,Eire,7f 35y,1575,TURF,4,4,95.685,0.883,0.123
Leopardstown,Eire,7f 42y,1582,TURF,4,4,91.880,1.662,0.231
Leopardstown,Eire,7f 45y,1585,TURF,2,2,90.750,1.273,0.177
Leopardstown,Eire,7f 47y,1587,TURF,4,4,96.175,0.950,0.132
Leopardstown,Eire,7f 50y,1590,TURF,7,7,90.130,1.542,0.213
Leopardstown,Eire,7f 52y,1592,TURF,1,1,93.240,-,-
Leopardstown,Eire,7f 53y,1593,TURF,2,2,91.270,0.085,0.012
Leopardstown,Eire,7f 57y,1597,TURF,3,3,92.060,1.034,0.142
Leopardstown,Eire,7f 60y,1600,TURF,2,2,92.620,2.560,0.352
Leopardstown,Eire,1m,1760,TURF,46,46,102.445,5.019,0.627
Leopardstown,Eire,1m 1f,1980,TURF,35,35,115.170,4.206,0.467
Leopardstown,Eire,1m 2f,2200,TURF,24,24,130.640,4.337,0.434
Leopardstown,Eire,1m 4f,2640,TURF,13,13,157.440,4.297,0.358
Leopardstown,Eire,1m 4f 180y,2820,TURF,4,4,166.425,0.598,0.047
Leopardstown,Eire,1m 5f,2860,TURF,5,5,168.280,19.504,1.500
Leopardstown,Eire,1m 6f,3080,TURF,4,4,181.610,2.363,0.169
Leopardstown,Eire,1m 7f,3300,TURF,8,8,197.905,3.072,0.205
Leopardstown,Eire,3m 100y,5380,TURF,1,1,389.600,-,-
Limerick,Eire,6f 150y,1470,TURF,5,5,82.460,1.484,0.222
Limerick,Eire,7f,1540,TURF,11,11,94.160,2.662,0.380
Limerick,Eire,7f 50y,1590,TURF,2,2,96.615,0.247,0.034
Limerick,Eire,7f 200y,1740,TURF,2,2,101.955,0.969,0.122
Limerick,Eire,1m,1760,TURF,10,10,108.830,4.753,0.594
Limerick,Eire,1m 50y,1810,TURF,9,9,112.750,4.221,0.513
Limerick,Eire,1m 3f 70y,2490,TURF,3,3,150.440,0.283,0.025
Limerick,Eire,1m 3f 110y,2530,TURF,2,2,151.320,0.891,0.077
Limerick,Eire,1m 3f 190y,2610,TURF,4,4,171.630,6.251,0.527
Limerick,Eire,1m 3f 210y,2630,TURF,2,2,165.545,3.330,0.279
Limerick,Eire,1m 4f 65y,2705,TURF,3,3,161.660,0.678,0.055
Limerick,Eire,1m 4f 70y,2710,TURF,6,6,171.155,5.019,0.407
Limerick,Eire,2m 1f,3740,TURF,2,2,205.065,62.020,3.648
Lingfield,ENG,4f 217y,1097,TURF,27,27,57.790,1.089,0.218
Lingfield,ENG,6f,1320,TURF,29,29,70.760,1.470,0.245
Lingfield,ENG,7f,1540,TURF,37,37,83.500,3.034,0.433
Lingfield,ENG,7f 135y,1675,TURF,16,16,91.195,2.687,0.353
Lingfield,ENG,1m 1f,1980,TURF,10,10,115.015,2.334,0.259
Lingfield,ENG,1m 1f 1y,1981,TURF,1,1,114.550,-,-
Lingfield,ENG,1m 2f,2200,TURF,24,24,128.845,3.328,0.333
Lingfield,ENG,1m 3f 133y,2553,TURF,22,22,150.355,3.965,0.342
Lingfield,ENG,1m 5f,2860,TURF,3,3,170.830,2.255,0.173
Lingfield,ENG,1m 6f,3080,TURF,4,4,183.840,2.291,0.164
Lingfield,ENG,2m 68y,3588,TURF,7,7,218.030,6.228,0.382
Listowel,Eire,6f 60y,1380,TURF,6,6,81.130,0.903,0.144
Listowel,Eire,7f,1540,TURF,2,2,90.580,0.368,0.053
Listowel,Eire,7f 15y,1555,TURF,3,3,94.560,0.525,0.074
Listowel,Eire,1m,1760,TURF,8,8,106.455,2.923,0.365
Listowel,Eire,1m 80y,1840,TURF,1,1,113.310,-,-
Listowel,Eire,1m 3f 15y,2435,TURF,3,3,157.010,1.901,0.172
Listowel,Eire,1m 5f 80y,2940,TURF,2,2,186.550,3.012,0.225
Listowel,Eire,1m 6f,3080,TURF,1,1,210.300,-,-
Listowel,Eire,1m 6f 55y,3135,TURF,2,2,223.940,1.838,0.129
Listowel,Eire,2m 40y,3560,TURF,2,2,232.970,9.051,0.559
Musselburgh,Scot,5f 1y,1101,TURF,62,62,59.405,1.126,0.225
Musselburgh,Scot,7f 15y,1555,TURF,56,56,88.095,2.158,0.305
Musselburgh,Scot,1m 2y,1762,TURF,22,22,100.685,1.856,0.232
Musselburgh,Scot,1m 208y,1968,TURF,24,24,112.900,2.231,0.249
Musselburgh,Scot,1m 4f 104y,2744,TURF,15,15,164.440,4.347,0.349
Musselburgh,Scot,1m 5f,2860,TURF,3,3,169.350,2.247,0.173
Musselburgh,Scot,1m 5f 216y,3076,TURF,5,5,186.020,2.954,0.211
Musselburgh,Scot,1m 7f 217y,3517,TURF,8,8,213.745,12.095,0.757
Musselburgh,Scot,2m 2f 28y,3988,TURF,4,4,242.905,10.363,0.572
Naas,Eire,5f,1100,TURF,30,30,59.570,2.137,0.427
Naas,Eire,5f 205y,1305,TURF,48,48,71.390,2.317,0.391
Naas,Eire,7f,1540,TURF,24,24,89.245,4.032,0.576
Naas,Eire,1m,1760,TURF,31,31,102.220,4.352,0.544
Naas,Eire,1m 2f 84y,2284,TURF,11,11,134.430,2.595,0.250
Naas,Eire,1m 2f 98y,2298,TURF,1,1,149.390,-,-
Naas,Eire,1m 2f 110y,2310,TURF,3,3,134.900,1.605,0.153
Naas,Eire,1m 2f 125y,2325,TURF,3,3,140.240,6.706,0.635
Naas,Eire,1m 2f 184y,2384,TURF,1,1,137.620,-,-
Naas,Eire,1m 2f 194y,2394,TURF,2,2,139.940,0.311,0.029
Naas,Eire,1m 3f,2420,TURF,1,1,138.530,-,-
Naas,Eire,1m 4f,2640,TURF,1,1,154.570,-,-
Naas,Eire,2m 7y,3527,TURF,1,1,215.640,-,-
Navan,Eire,5f,1100,TURF,22,22,60.815,1.241,0.248
Navan,Eire,5f 180y,1280,TURF,29,29,72.460,1.576,0.271
Navan,Eire,7f 180y,1720,TURF,1,1,109.920,-,-
Navan,Eire,1m 10y,1770,TURF,1,1,102.890,-,-
Navan,Eire,1m 20y,1780,TURF,5,5,103.970,1.738,0.215
Navan,Eire,1m 30y,1790,TURF,4,4,103.585,1.030,0.127
Navan,Eire,1m 40y,1800,TURF,2,2,107.815,2.143,0.262
Navan,Eire,1m 1f,1980,TURF,1,1,113.810,-,-
Navan,Eire,1m 2f,2200,TURF,6,6,133.995,8.450,0.845
Navan,Eire,1m 2f 10y,2210,TURF,2,2,127.615,0.233,0.023
Navan,Eire,1m 2f 20y,2220,TURF,3,3,132.850,1.591,0.158
Navan,Eire,1m 2f 30y,2230,TURF,3,3,133.630,0.767,0.076
Navan,Eire,1m 2f 40y,2240,TURF,13,13,127.400,1.670,0.164
Navan,Eire,1m 5f,2860,TURF,8,8,173.035,2.489,0.191
Navan,Eire,1m 6f,3080,TURF,13,13,189.680,7.941,0.567
Newbury,ENG,5f 34y,1134,TURF,13,13,60.620,1.214,0.236
Newbury,ENG,6f,1320,TURF,48,48,71.940,1.581,0.263
Newbury,ENG,6f 110y,1430,TURF,10,10,78.560,3.499,0.538
Newbury,ENG,7f,1540,TURF,50,50,85.200,2.321,0.332
Newbury,ENG,1m,1760,TURF,27,27,98.700,2.773,0.347
Newbury,ENG,1m 1y,1761,TURF,3,3,108.010,2.438,0.305
Newbury,ENG,1m 7y,1767,TURF,2,2,98.880,2.022,0.252
Newbury,ENG,1m 1f,1980,TURF,1,1,115.430,-,-
Newbury,ENG,1m 2f,2200,TURF,40,40,126.380,2.800,0.280
Newbury,ENG,1m 3f,2420,TURF,5,5,139.390,2.857,0.260
Newbury,ENG,1m 4f,2640,TURF,18,18,153.935,5.163,0.430
Newbury,ENG,1m 5f 61y,2921,TURF,7,7,171.600,3.518,0.265
Newbury,ENG,2m,3520,TURF,6,6,212.005,7.229,0.452
Newbury,ENG,2m 110y,3630,TURF,5,5,221.390,2.034,0.123
Newmarket,ENG,5f,1100,TURF,26,26,58.705,1.189,0.238
Newmarket,ENG,6f,1320,TURF,91,91,71.560,1.220,0.203
Newmarket,ENG,7f,1540,TURF,115,115,85.610,1.465,0.209
Newmarket,ENG,1m,1760,TURF,91,91,98.450,1.932,0.241
Newmarket,ENG,1m 1f,1980,TURF,14,14,110.515,2.192,0.244
Newmarket,ENG,1m 2f,2200,TURF,44,44,125.855,2.944,0.294
Newmarket,ENG,1m 4f,2640,TURF,38,38,152.370,3.282,0.273
Newmarket,ENG,1m 5f,2860,TURF,2,2,163.705,1.987,0.153
Newmarket,ENG,1m 6f,3080,TURF,14,14,180.040,4.514,0.322
Newmarket,ENG,2m,3520,TURF,5,5,205.910,2.552,0.159
Newmarket,ENG,2m 2f,3960,TURF,2,2,228.510,0.792,0.044
Nottingham,ENG,5f 8y,1108,TURF,50,50,60.215,1.360,0.270
Nottingham,ENG,6f 18y,1338,TURF,50,50,73.710,2.054,0.338
Nottingham,ENG,1m 75y,1835,TURF,74,74,106.570,2.741,0.329
Nottingham,ENG,1m 1f,1980,TURF,1,1,114.350,-,-
Nottingham,ENG,1m 2f 50y,2250,TURF,57,57,132.100,3.622,0.354
Nottingham,ENG,1m 6f,3080,TURF,20,20,186.500,7.858,0.561
Nottingham,ENG,2m,3520,TURF,5,5,211.950,4.464,0.279
Nottingham,ENG,2m 1f 208y,3948,TURF,2,2,252.210,22.571,1.258
Pontefract,ENG,5f 3y,1103,TURF,36,36,62.560,1.364,0.272
Pontefract,ENG,6f,1320,TURF,61,61,76.280,1.695,0.282
Pontefract,ENG,1m 6y,1766,TURF,43,43,104.300,2.341,0.292
Pontefract,ENG,1m 2f 5y,2205,TURF,28,28,133.050,2.746,0.274
Pontefract,ENG,1m 4f 5y,2645,TURF,16,16,158.640,3.138,0.261
Pontefract,ENG,2m 1f 27y,3767,TURF,8,8,229.115,3.071,0.179
Pontefract,ENG,2m 2f 2y,3962,TURF,5,5,247.450,8.165,0.453
Pontefract,ENG,2m 5f 139y,4759,TURF,2,2,301.005,2.425,0.112
Punchestown,Eire,1m 30y,1790,TURF,3,3,105.720,0.665,0.082
Punchestown,Eire,1m 1f 58y,2038,TURF,5,5,121.390,1.077,0.116
Punchestown,Eire,1m 7f 165y,3465,TURF,1,1,265.800,-,-
Punchestown,Eire,2m,3520,TURF,2,2,240.000,0.000,0.000
Punchestown,Eire,2m 44y,3564,TURF,1,1,260.400,-,-
Punchestown,Eire,3m 213y,5493,TURF,2,2,385.750,8.556,0.343
Redcar,ENG,5f,1100,TURF,29,29,57.660,0.902,0.180
Redcar,ENG,5f 217y,1317,TURF,48,48,70.595,1.059,0.177
Redcar,ENG,7f,1540,TURF,39,39,83.670,1.805,0.258
Redcar,ENG,7f 219y,1759,TURF,43,43,96.010,1.633,0.204
Redcar,ENG,1m 1f,1980,TURF,3,3,113.950,0.387,0.043
Redcar,ENG,1m 2f 1y,2201,TURF,37,37,125.450,2.219,0.222
Redcar,ENG,1m 5f 218y,3078,TURF,12,12,183.375,2.169,0.155
Redcar,ENG,1m 7f 217y,3517,TURF,2,2,211.930,0.212,0.013
Ripon,ENG,5f,1100,TURF,29,29,58.670,0.908,0.182
Ripon,ENG,6f,1320,TURF,73,73,71.750,1.262,0.210
Ripon,ENG,1m,1760,TURF,41,41,100.340,2.006,0.251
Ripon,ENG,1m 1f 170y,2150,TURF,28,28,123.705,2.358,0.241
Ripon,ENG,1m 2f 190y,2390,TURF,6,6,141.685,3.290,0.303
Ripon,ENG,1m 4f 10y,2650,TURF,18,18,156.870,2.945,0.245
Ripon,ENG,2m,3520,TURF,5,5,211.150,3.451,0.216
Roscommon,Eire,7f 94y,1634,TURF,18,18,93.960,2.534,0.341
Roscommon,Eire,7f 111y,1651,TURF,21,21,93.290,2.267,0.302
Roscommon,Eire,1m 2f 63y,2263,TURF,10,10,136.135,2.952,0.287
Roscommon,Eire,1m 2f 94y,2294,TURF,1,1,136.760,-,-
Roscommon,Eire,1m 2f 95y,2295,TURF,5,5,137.100,4.913,0.471
Roscommon,Eire,1m 4f 17y,2657,TURF,15,15,161.610,8.528,0.706
Roscommon,Eire,1m 4f 46y,2686,TURF,8,8,160.455,5.009,0.410
Roscommon,Eire,1m 4f 48y,2688,TURF,2,2,164.480,0.976,0.080
Royal Ascot,ENG,5f,1100,TURF,9,9,59.190,0.628,0.126
Royal Ascot,ENG,6f,1320,TURF,11,11,72.080,0.787,0.131
Royal Ascot,ENG,7f,1540,TURF,6,6,85.310,1.204,0.172
Royal Ascot,ENG,7f 213y,1753,TURF,6,6,98.540,0.482,0.061
Royal Ascot,ENG,1m,1760,TURF,10,10,98.635,1.107,0.138
Royal Ascot,ENG,1m 1f 212y,2192,TURF,8,8,124.850,0.978,0.098
Royal Ascot,ENG,1m 3f 211y,2631,TURF,10,10,148.825,0.740,0.062
Royal Ascot,ENG,1m 6f 34y,3114,TURF,4,4,180.300,1.307,0.092
Royal Ascot,ENG,2m 3f 210y,4390,TURF,4,4,259.735,4.045,0.203
Royal Ascot,ENG,2m 5f 143y,4763,TURF,2,2,286.805,1.747,0.081
Salisbury,ENG,5f,1100,TURF,12,12,61.100,1.440,0.288
Salisbury,ENG,6f,1320,TURF,49,49,75.380,1.688,0.281
Salisbury,ENG,6f 213y,1533,TURF,28,28,89.475,2.104,0.302
Salisbury,ENG,1m,1760,TURF,25,25,104.210,2.533,0.317
Salisbury,ENG,1m 1f 201y,2181,TURF,31,31,129.390,3.034,0.306
Salisbury,ENG,1m 4f 5y,2645,TURF,16,16,157.160,2.730,0.227
Salisbury,ENG,1m 6f 44y,3124,TURF,11,11,187.650,5.302,0.373
Sandown,ENG,5f 10y,1110,TURF,33,33,62.250,1.908,0.378
Sandown,ENG,7f,1540,TURF,29,29,91.120,2.355,0.336
Sandown,ENG,1m,1760,TURF,40,40,104.235,2.977,0.372
Sandown,ENG,1m 1f,1980,TURF,2,2,117.100,1.937,0.215
Sandown,ENG,1m 1f 209y,2189,TURF,46,46,129.930,3.576,0.359
Sandown,ENG,1m 6f,3080,TURF,11,11,188.220,4.652,0.332
Sandown,ENG,2m 50y,3570,TURF,4,4,219.375,1.907,0.118
Sligo,Eire,5f 208y,1308,TURF,3,3,76.120,0.803,0.135
Sligo,Eire,6f,1320,TURF,3,3,78.150,0.434,0.072
Sligo,Eire,6f 21y,1341,TURF,3,3,78.750,0.607,0.100
Sligo,Eire,6f 61y,1381,TURF,3,3,81.850,0.825,0.131
Sligo,Eire,1m 2f 100y,2300,TURF,2,2,143.400,0.764,0.073
Sligo,Eire,1m 2f 120y,2320,TURF,3,3,141.770,2.445,0.232
Sligo,Eire,1m 2f 129y,2329,TURF,2,2,143.280,1.103,0.104
Sligo,Eire,1m 2f 158y,2358,TURF,3,3,154.800,2.543,0.237
Sligo,Eire,1m 5f 56y,2916,TURF,2,2,185.750,0.438,0.033
Sligo,Eire,1m 5f 103y,2963,TURF,2,2,189.435,1.633,0.121
Sligo,Eire,1m 5f 130y,2990,TURF,1,1,184.100,-,-
Sligo,Eire,1m 5f 190y,3050,TURF,1,1,196.770,-,-
Thirsk,ENG,5f,1100,TURF,45,45,58.250,0.871,0.174
Thirsk,ENG,6f,1320,TURF,50,50,70.750,1.038,0.173
Thirsk,ENG,7f,1540,TURF,42,42,86.690,1.591,0.227
Thirsk,ENG,7f 218y,1758,TURF,36,36,100.035,1.870,0.234
Thirsk,ENG,1m 4f 8y,2648,TURF,23,23,157.830,3.428,0.285
Thirsk,ENG,1m 6f,3080,TURF,4,4,187.355,3.791,0.271
Thirsk,ENG,2m 13y,3533,TURF,1,1,208.860,-,-
Thurles,Eire,1m 44y,1804,TURF,3,3,104.940,1.144,0.139
Thurles,Eire,1m 4f 132y,2772,TURF,2,2,165.145,2.680,0.213
Thurles,Eire,2m 66y,3586,TURF,2,2,218.670,3.309,0.203
Tipperary,Eire,5f,1100,TURF,13,13,58.400,2.167,0.433
Tipperary,Eire,7f 20y,1560,TURF,1,1,102.370,-,-
Tipperary,Eire,7f 100y,1640,TURF,6,6,98.340,2.366,0.317
Tipperary,Eire,7f 110y,1650,TURF,3,3,100.830,0.698,0.093
Tipperary,Eire,1m 1f,1980,TURF,9,9,123.820,4.264,0.474
Tipperary,Eire,1m 4f 100y,2740,TURF,2,2,173.755,0.502,0.040
Tipperary,Eire,1m 4f 110y,2750,TURF,3,3,174.010,1.846,0.148
Tipperary,Eire,1m 4f 115y,2755,TURF,1,1,167.960,-,-
Tramore,Eire,1m 4f,2640,TURF,20,20,162.045,2.157,0.180
Tramore,Eire,2m,3520,TURF,10,10,225.750,4.546,0.284
Wetherby,ENG,5f 110y,1210,TURF,15,15,64.750,0.979,0.178
Wetherby,ENG,7f,1540,TURF,11,11,85.360,1.039,0.148
Wetherby,ENG,1m,1760,TURF,10,10,99.095,1.022,0.128
Wetherby,ENG,1m 2f,2200,TURF,8,8,126.410,1.028,0.103
Windsor,ENG,5f 21y,1121,TURF,46,45,59.220,0.961,0.189
Windsor,ENG,6f 12y,1332,TURF,109,109,71.890,1.244,0.205
Windsor,ENG,1m 31y,1791,TURF,61,61,102.840,2.386,0.293
Windsor,ENG,1m 2f,2200,TURF,52,52,128.645,2.167,0.217
Windsor,ENG,1m 3f 99y,2519,TURF,44,44,148.565,2.894,0.253
Yarmouth,ENG,5f 42y,1142,TURF,38,38,61.185,1.160,0.223
Yarmouth,ENG,6f 3y,1323,TURF,56,56,72.470,1.924,0.320
Yarmouth,ENG,7f 3y,1543,TURF,57,57,84.890,2.230,0.318
Yarmouth,ENG,1m 3y,1763,TURF,60,60,98.245,2.241,0.280
Yarmouth,ENG,1m 1f 21y,2001,TURF,3,3,117.530,1.777,0.195
Yarmouth,ENG,1m 2f 23y,2223,TURF,38,38,127.780,2.242,0.222
Yarmouth,ENG,1m 3f 104y,2524,TURF,22,22,147.750,3.051,0.266
Yarmouth,ENG,1m 6f 17y,3097,TURF,12,12,186.110,3.916,0.278
York,ENG,5f,1100,TURF,32,32,58.625,0.993,0.199
York,ENG,5f 89y,1189,TURF,5,5,63.620,0.342,0.063
York,ENG,6f,1320,TURF,51,51,71.390,1.194,0.199
York,ENG,7f,1540,TURF,36,36,85.010,1.767,0.252
York,ENG,7f 192y,1732,TURF,22,22,98.475,1.590,0.202
York,ENG,1m 177y,1937,TURF,5,5,109.500,0.938,0.106
York,ENG,1m 2f 56y,2256,TURF,34,34,130.755,2.321,0.226
York,ENG,1m 3f 188y,2608,TURF,20,20,153.050,2.374,0.200
York,ENG,1m 5f 188y,3048,TURF,14,14,180.840,3.328,0.240
York,ENG,2m 56y,3576,TURF,10,10,215.390,3.311,0.204
