race_source_id,date,course,race_type,subtype,distance,distance_yards,horse,finish_position,or,pooled_rating,subtype_rating,subtype_same_day_rating,subtype_historical_rating,pooled_standard,subtype_standard,pooled_sample,subtype_sample
856826,2025-05-11,Plumpton,handicap,hurdle,1m 7f 195y,3495,Hill Station,6,82,-364.73,-364.73,-,-382.84,232.91,232.91,22,22
856826,2025-05-11,Plumpton,handicap,hurdle,1m 7f 195y,3495,Lusso Milan,5,84,-355.23,-355.23,-,-373.34,232.91,232.91,22,22
856826,2025-05-11,Plumpton,handicap,hurdle,1m 7f 195y,3495,Legendary Day,4,100,-351.23,-351.23,-,-369.34,232.91,232.91,22,22
856826,2025-05-11,Plumpton,handicap,hurdle,1m 7f 195y,3495,Prince Quattro,3,100,-346.48,-346.48,-,-364.59,232.91,232.91,22,22
856826,2025-05-11,Plumpton,handicap,hurdle,1m 7f 195y,3495,Goodwin Face,2,93,-345.23,-345.23,-,-363.34,232.91,232.91,22,22
856826,2025-05-11,Plumpton,handicap,hurdle,1m 7f 195y,3495,Turpin Gold,1,86,-344.73,-344.73,-,-362.84,232.91,232.91,22,22
836815,2025-01-01,Southwell,handicap,hurdle,2m 4f 88y,4488,Kalista Love,5,101,-252.09,-255.39,-,-181.96,319.13,318.35,33,23
836815,2025-01-01,Southwell,handicap,hurdle,2m 4f 88y,4488,Uokhun,4,100,-251.59,-254.89,-,-181.46,319.13,318.35,33,23
836815,2025-01-01,Southwell,handicap,hurdle,2m 4f 88y,4488,Eileen's Orders,3,101,-247.84,-251.14,-,-177.71,319.13,318.35,33,23
887959,2025-11-05,Chepstow,,nh_flat,2m 16y,3536,Dalcassian Girl,13,,-247.69,-261.99,-,-250.64,253.27,250.50,11,2
836815,2025-01-01,Southwell,handicap,hurdle,2m 4f 88y,4488,Sunset Hill,2,114,-239.34,-242.64,-,-169.21,319.13,318.35,33,23
836815,2025-01-01,Southwell,handicap,hurdle,2m 4f 88y,4488,All The Glory,1,127,-235.34,-238.64,-,-165.21,319.13,318.35,33,23
891843,2025-11-29,Doncaster,,nh_flat,2m 128y,3648,The Procrastinator,1,,428.50,415.74,-,480.59,240.61,238.80,17,3
891843,2025-11-29,Doncaster,,nh_flat,2m 128y,3648,Ashburton,2,,427.50,414.74,-,479.59,240.61,238.80,17,3
891843,2025-11-29,Doncaster,,nh_flat,2m 128y,3648,Luna Grace,3,,422.75,409.99,-,474.84,240.61,238.80,17,3
891843,2025-11-29,Doncaster,,nh_flat,2m 128y,3648,Capla Resdev,4,,411.75,398.99,-,463.84,240.61,238.80,17,3
891843,2025-11-29,Doncaster,,nh_flat,2m 128y,3648,Mariah's Dream,5,,410.00,397.24,-,462.09,240.61,238.80,17,3
840232,2025-01-23,Wetherby,handicap,hurdle,3m 26y,5306,Adveram,8,100,-203.25,-203.25,-,-138.54,361.35,361.35,9,9
840232,2025-01-23,Wetherby,handicap,hurdle,3m 26y,5306,Snowrocco,7,96,-202.50,-202.50,-,-137.79,361.35,361.35,9,9
841726,2025-01-30,Wincanton,novice,hurdle,2m 5f 82y,4702,Damekap,7,,-200.86,-200.86,-,-67.60,310.06,310.06,5,5
891843,2025-11-29,Doncaster,,nh_flat,2m 128y,3648,The Lakes,6,,400.50,387.74,-,452.59,240.61,238.80,17,3
885397,2025-10-21,Perth,handicap,hurdle,2m 7f 207y,5267,Champ Royal,9,112,-192.77,-192.77,-,-127.45,364.17,364.17,12,12
887959,2025-11-05,Chepstow,,nh_flat,2m 16y,3536,Ellenborough Park,12,,-192.69,-206.99,-,-195.64,253.27,250.50,11,2
891843,2025-11-29,Doncaster,,nh_flat,2m 128y,3648,Antheia,7,,392.00,379.24,-,444.09,240.61,238.80,17,3
885397,2025-10-21,Perth,handicap,hurdle,2m 7f 207y,5267,Shoeshine Boy,8,101,-191.02,-191.02,-,-125.70,364.17,364.17,12,12
840232,2025-01-23,Wetherby,handicap,hurdle,3m 26y,5306,Ballydangan,6,85,-190.50,-190.50,-,-125.79,361.35,361.35,9,9
840232,2025-01-23,Wetherby,handicap,hurdle,3m 26y,5306,Dexperado,5,91,-189.50,-189.50,-,-124.79,361.35,361.35,9,9
885397,2025-10-21,Perth,handicap,hurdle,2m 7f 207y,5267,Blakey Boy,7,102,-189.02,-189.02,-,-123.70,364.17,364.17,12,12
840232,2025-01-23,Wetherby,handicap,hurdle,3m 26y,5306,So Ladylike,4,77,-187.25,-187.25,-,-122.54,361.35,361.35,9,9
891843,2025-11-29,Doncaster,,nh_flat,2m 128y,3648,Frenati,8,,387.25,374.49,-,439.34,240.61,238.80,17,3
840231,2025-01-23,Wetherby,handicap,hurdle,3m 26y,5306,Walk My Way,7,69,-179.15,-179.15,-,-116.39,361.35,361.35,9,9
840232,2025-01-23,Wetherby,handicap,hurdle,3m 26y,5306,The Questioner,3,93,-178.75,-178.75,-,-114.04,361.35,361.35,9,9
840231,2025-01-23,Wetherby,handicap,hurdle,3m 26y,5306,Lady's Present,6,79,-177.65,-177.65,-,-114.89,361.35,361.35,9,9
845371,2025-02-26,Bangor-on-Dee,handicap,chase,2m 4f 72y,4472,Ballybegg,3,115,-177.38,-177.38,-,-75.16,302.99,302.99,8,8
840232,2025-01-23,Wetherby,handicap,hurdle,3m 26y,5306,Take A Hike,2,79,-174.75,-174.75,-,-110.04,361.35,361.35,9,9
840231,2025-01-23,Wetherby,handicap,hurdle,3m 26y,5306,Entity Of Substanz,5,98,-174.15,-174.15,-,-111.39,361.35,361.35,9,9
885397,2025-10-21,Perth,handicap,hurdle,2m 7f 207y,5267,Maura Jeanne,6,94,-174.02,-174.02,-,-108.70,364.17,364.17,12,12
840231,2025-01-23,Wetherby,handicap,hurdle,3m 26y,5306,Glory Hights,4,92,-173.65,-173.65,-,-110.89,361.35,361.35,9,9
889940,2025-11-18,Kelso,handicap,hurdle,2m 51y,3571,Rafferty's Return,6,114,-172.48,-177.14,-,-136.06,240.88,239.85,24,17
840231,2025-01-23,Wetherby,handicap,hurdle,3m 26y,5306,Boolamore Classic,3,84,-170.90,-170.90,-,-108.14,361.35,361.35,9,9
840232,2025-01-23,Wetherby,handicap,hurdle,3m 26y,5306,Paddy O'Mahler,1,92,-169.25,-169.25,-,-104.54,361.35,361.35,9,9
845774,2025-02-28,Ffos Las,handicap,hurdle,2m 7f 191y,5251,Tillaway,5,96,-167.54,-167.54,-3.99,-39.83,365.08,365.08,9,9
885397,2025-10-21,Perth,handicap,hurdle,2m 7f 207y,5267,Dalileo,5,93,-167.02,-167.02,-,-101.70,364.17,364.17,12,12
845376,2025-02-26,Bangor-on-Dee,handicap,hurdle,2m 7f 32y,5092,Farmer Jimmy,5,98,-166.64,-166.64,-,-47.33,348.89,348.89,13,13
845774,2025-02-28,Ffos Las,handicap,hurdle,2m 7f 191y,5251,Edmond,4,90,-164.79,-164.79,-1.24,-37.08,365.08,365.08,9,9
885397,2025-10-21,Perth,handicap,hurdle,2m 7f 207y,5267,Stiletto,4,100,-163.77,-163.77,-,-98.45,364.17,364.17,12,12
885397,2025-10-21,Perth,handicap,hurdle,2m 7f 207y,5267,Coffeys Forge,3,100,-161.77,-161.77,-,-96.45,364.17,364.17,12,12
845773,2025-02-28,Ffos Las,maiden,hurdle,2m 4f,4400,Nil Vert,7,,-161.56,-161.56,-6.49,-53.20,303.58,303.58,26,26
840231,2025-01-23,Wetherby,handicap,hurdle,3m 26y,5306,Wearelongterm,2,93,-159.90,-159.90,-,-97.14,361.35,361.35,9,9
845376,2025-02-26,Bangor-on-Dee,handicap,hurdle,2m 7f 32y,5092,Getaway With You,4,81,-159.64,-159.64,-,-40.33,348.89,348.89,13,13
889940,2025-11-18,Kelso,handicap,hurdle,2m 51y,3571,Dee's Getaway,5,103,-158.48,-163.14,-,-122.06,240.88,239.85,24,17
885397,2025-10-21,Perth,handicap,hurdle,2m 7f 207y,5267,I Wish You,2,111,-158.27,-158.27,-,-92.95,364.17,364.17,12,12
891843,2025-11-29,Doncaster,,nh_flat,2m 128y,3648,Emeralds Apart,9,,358.25,345.49,-,410.34,240.61,238.80,17,3
844852,2025-02-23,Fontwell,handicap,chase,3m 1f 210y,5710,Abbeyhill,4,78,-158.09,-158.09,-,-,406.70,406.70,13,13
885397,2025-10-21,Perth,handicap,hurdle,2m 7f 207y,5267,Spit Spot,1,110,-157.97,-157.97,-,-92.65,364.17,364.17,12,12
840231,2025-01-23,Wetherby,handicap,hurdle,3m 26y,5306,The Big Breac,1,90,-157.65,-157.65,-,-94.89,361.35,361.35,9,9
845376,2025-02-26,Bangor-on-Dee,handicap,hurdle,2m 7f 32y,5092,Superior Glance,3,93,-157.39,-157.39,-,-38.08,348.89,348.89,13,13
845376,2025-02-26,Bangor-on-Dee,handicap,hurdle,2m 7f 32y,5092,Goguenard,2,81,-156.64,-156.64,-,-37.33,348.89,348.89,13,13
896320,2025-12-31,Uttoxeter,handicap,hurdle,2m 7f 70y,5130,Kauto D'Amour,10,83,-156.58,-156.58,-47.52,-131.42,352.19,352.19,25,25
841650,2025-02-01,Sandown,,nh_flat,1m 7f 216y,3516,Recordator,7,,-154.28,-225.83,-,-144.89,255.03,240.68,16,2
889940,2025-11-18,Kelso,handicap,hurdle,2m 51y,3571,Travis Wheatley,4,104,-153.48,-158.14,-,-117.06,240.88,239.85,24,17
845376,2025-02-26,Bangor-on-Dee,handicap,hurdle,2m 7f 32y,5092,Henrysbrotherjack,1,90,-153.14,-153.14,-,-33.83,348.89,348.89,13,13
889940,2025-11-18,Kelso,handicap,hurdle,2m 51y,3571,Kingston Narcissus,3,114,-152.23,-156.89,-,-115.81,240.88,239.85,24,17
889940,2025-11-18,Kelso,handicap,hurdle,2m 51y,3571,Joltin N Jiving,2,120,-151.23,-155.89,-,-114.81,240.88,239.85,24,17
845773,2025-02-28,Ffos Las,maiden,hurdle,2m 4f,4400,Jack's Jury,6,,-148.56,-148.56,6.51,-40.20,303.58,303.58,26,26
844852,2025-02-23,Fontwell,handicap,chase,3m 1f 210y,5710,Dear Ralphy,3,100,-145.09,-145.09,-,-,406.70,406.70,13,13
889940,2025-11-18,Kelso,handicap,hurdle,2m 51y,3571,Magnolia,1,110,-143.73,-148.39,-,-107.31,240.88,239.85,24,17
844851,2025-02-23,Fontwell,handicap,hurdle,2m 5f 164y,4784,Military Tycoon,5,84,-143.05,-143.05,-,-47.53,329.30,329.30,19,19
896320,2025-12-31,Uttoxeter,handicap,hurdle,2m 7f 70y,5130,Elfride,9,68,-142.58,-142.58,-33.52,-117.42,352.19,352.19,25,25
843753,2025-02-15,Wincanton,handicap,hurdle,2m 5f 82y,4702,Kap De Triomphe,7,96,-141.48,-141.48,-,-112.97,310.06,310.06,5,5
865308,2025-06-29,Cartmel,handicap,chase,3m 1f 107y,5607,Community Rebel,8,94,-141.33,-141.33,-,-108.93,393.51,393.51,7,7
843753,2025-02-15,Wincanton,handicap,hurdle,2m 5f 82y,4702,Slide Rule,6,105,-140.23,-140.23,-,-111.72,310.06,310.06,5,5
842721,2025-02-09,Chepstow,handicap,hurdle,2m 7f 131y,5191,Sporty Jim,10,94,-140.02,-163.84,-53.62,-73.66,361.16,356.32,20,11
843753,2025-02-15,Wincanton,handicap,hurdle,2m 5f 82y,4702,Moor End,5,96,-139.23,-139.23,-,-110.72,310.06,310.06,5,5
843753,2025-02-15,Wincanton,handicap,hurdle,2m 5f 82y,4702,Tea And Chats,4,99,-138.73,-138.73,-,-110.22,310.06,310.06,5,5
893227,2025-12-10,Hexham,handicap,hurdle,2m 7f 63y,5123,Coventry,6,83,-138.34,-138.34,63.66,-26.88,373.06,373.06,11,11
845774,2025-02-28,Ffos Las,handicap,hurdle,2m 7f 191y,5251,Nedzor,3,89,-137.79,-137.79,25.76,-10.08,365.08,365.08,9,9
893227,2025-12-10,Hexham,handicap,hurdle,2m 7f 63y,5123,West Lawn,5,75,-137.34,-137.34,64.66,-25.88,373.06,373.06,11,11
843023,2025-02-11,Lingfield,handicap,hurdle,2m 7f,5060,Williamdeconqueror,3,79,-137.06,-137.06,-,-25.19,362.57,362.57,7,7
842721,2025-02-09,Chepstow,handicap,hurdle,2m 7f 131y,5191,William Philo,9,83,-136.77,-160.59,-50.37,-70.41,361.16,356.32,20,11
885236,2025-10-20,Plumpton,handicap,chase,3m 1f 157y,5657,Masterdream,3,107,-136.36,-136.36,-,-161.71,400.80,400.80,3,3
843753,2025-02-15,Wincanton,handicap,hurdle,2m 5f 82y,4702,Diesel Line,3,86,-136.23,-136.23,-,-107.72,310.06,310.06,5,5
845774,2025-02-28,Ffos Las,handicap,hurdle,2m 7f 191y,5251,Blackacre,2,79,-136.04,-136.04,27.51,-8.33,365.08,365.08,9,9
841726,2025-01-30,Wincanton,novice,hurdle,2m 5f 82y,4702,Ebselysees,6,,-135.86,-135.86,-,-2.60,310.06,310.06,5,5
841726,2025-01-30,Wincanton,novice,hurdle,2m 5f 82y,4702,Lyness Dancer,5,,-134.86,-134.86,-,-1.60,310.06,310.06,5,5
845189,2025-02-21,Warwick,handicap,hurdle,3m 2f,5720,Newtonian,11,80,-134.00,-134.00,-,-73.33,379.72,379.72,5,5
847053,2025-03-08,Ayr,,nh_flat,2m,3520,The Low Ball,10,,-133.42,-133.42,-68.73,-87.72,248.85,248.85,23,7
889604,2025-11-16,Fontwell,handicap,hurdle,2m 5f 164y,4784,Grey D'alco,11,81,-131.65,-131.65,-,-118.15,329.30,329.30,19,19
845371,2025-02-26,Bangor-on-Dee,handicap,chase,2m 4f 72y,4472,Imperial Alex,2,118,-131.38,-131.38,-,-29.16,302.99,302.99,8,8
841726,2025-01-30,Wincanton,novice,hurdle,2m 5f 82y,4702,Chique Angel,4,,-129.86,-129.86,-,3.40,310.06,310.06,5,5
844852,2025-02-23,Fontwell,handicap,chase,3m 1f 210y,5710,Jukebox D'eddy,2,73,-129.09,-129.09,-,-,406.70,406.70,13,13
844659,2025-02-21,Exeter,,nh_flat,2m 161y,3681,Aceofadiamond,11,,-128.57,-125.38,-0.06,-79.32,253.39,254.03,24,5
844659,2025-02-21,Exeter,,nh_flat,2m 161y,3681,Rouban,10,,-128.37,-125.18,0.14,-79.12,253.39,254.03,24,5
891843,2025-11-29,Doncaster,,nh_flat,2m 128y,3648,Joy Pain And Sky,10,,328.25,315.49,-,380.34,240.61,238.80,17,3
836801,2025-01-01,Fakenham,handicap,hurdle,2m 7f 95y,5155,Hurst Hill,5,91,-126.02,-126.02,-,-52.97,364.05,364.05,7,7
893227,2025-12-10,Hexham,handicap,hurdle,2m 7f 63y,5123,Moveonbuy,4,83,-125.34,-125.34,76.66,-13.88,373.06,373.06,11,11
882335,2025-10-03,Hexham,handicap,hurdle,2m 7f 63y,5123,Star Vantage,6,92,-124.53,-124.53,-,-116.25,373.06,373.06,11,11
882335,2025-10-03,Hexham,handicap,hurdle,2m 7f 63y,5123,Getaway With You,5,75,-124.23,-124.23,-,-115.95,373.06,373.06,11,11
844852,2025-02-23,Fontwell,handicap,chase,3m 1f 210y,5710,Record High,1,95,-123.09,-123.09,-,-,406.70,406.70,13,13
876415,2025-08-30,Newton Abbot,maiden,hurdle,2m 167y,3687,Casual Encounter,5,,-122.93,-122.93,-,-138.35,246.65,246.65,35,27
845370,2025-02-26,Bangor-on-Dee,handicap,chase,2m 1f 77y,3817,Royal Deeside,5,93,-121.20,-121.20,-,-35.00,256.28,256.28,9,9
845189,2025-02-21,Warwick,handicap,hurdle,3m 2f,5720,Fantomas,10,81,-121.00,-121.00,-,-60.33,379.72,379.72,5,5
882335,2025-10-03,Hexham,handicap,hurdle,2m 7f 63y,5123,Wee Alki,4,94,-120.98,-120.98,-,-112.70,373.06,373.06,11,11
876415,2025-08-30,Newton Abbot,maiden,hurdle,2m 167y,3687,Lynsey Larue,4,,-120.93,-120.93,-,-136.35,246.65,246.65,35,27
890412,2025-11-20,Wincanton,handicap,chase,1m 7f 149y,3449,Authoceltic,1,108,319.05,319.05,-,298.63,250.39,250.39,2,2
845374,2025-02-26,Bangor-on-Dee,maiden,hurdle,2m 3f 123y,4303,Steal The Moves,3,,-118.36,-118.36,-,-13.92,287.48,287.48,20,20
843753,2025-02-15,Wincanton,handicap,hurdle,2m 5f 82y,4702,Les's Jersey Royal,2,88,-118.23,-118.23,-,-89.72,310.06,310.06,5,5
837304,2025-01-05,Chepstow,handicap,chase,3m 2f 54y,5774,Fairlawn Flyer,7,105,-118.15,-118.15,-,-,412.81,412.81,2,2
882335,2025-10-03,Hexham,handicap,hurdle,2m 7f 63y,5123,Zwicky,3,99,-117.98,-117.98,-,-109.70,373.06,373.06,11,11
841726,2025-01-30,Wincanton,novice,hurdle,2m 5f 82y,4702,Only Gossip,3,,-117.86,-117.86,-,15.40,310.06,310.06,5,5
889604,2025-11-16,Fontwell,handicap,hurdle,2m 5f 164y,4784,Sawpit Samantha,10,73,-117.65,-117.65,-,-104.15,329.30,329.30,19,19
865308,2025-06-29,Cartmel,handicap,chase,3m 1f 107y,5607,Pilgrims King,7,92,-117.33,-117.33,-,-84.93,393.51,393.51,7,7
882335,2025-10-03,Hexham,handicap,hurdle,2m 7f 63y,5123,Lelantos,2,96,-117.23,-117.23,-,-108.95,373.06,373.06,11,11
845777,2025-02-28,Ffos Las,handicap,hurdle,2m 4f,4400,Luna De Castana,6,99,-116.51,-116.51,23.96,-1.99,303.58,303.58,26,26
887077,2025-10-30,Stratford,,nh_flat,2m 70y,3590,Amhranai,13,,-116.21,-136.81,-,-112.99,235.51,231.81,28,4
882335,2025-10-03,Hexham,handicap,hurdle,2m 7f 63y,5123,Robert d'Ores,1,90,-115.48,-115.48,-,-107.20,373.06,373.06,11,11
842701,2025-02-08,Uttoxeter,handicap,hurdle,2m 3f 207y,4387,Mon Kaplais,7,100,-115.32,-115.32,-,-74.38,301.73,301.73,31,31
887398,2025-11-01,Wetherby,chase,chase,3m 45y,5325,Djelo,1,162,315.30,315.30,-,287.34,395.28,395.28,13,13
890412,2025-11-20,Wincanton,handicap,chase,1m 7f 149y,3449,Star Of Affinity,2,111,315.30,315.30,-,294.88,250.39,250.39,2,2
890412,2025-11-20,Wincanton,handicap,chase,1m 7f 149y,3449,Two To Tango,3,105,314.80,314.80,-,294.38,250.39,250.39,2,2
842721,2025-02-09,Chepstow,handicap,hurdle,2m 7f 131y,5191,Chauffeur Driven,8,91,-114.77,-138.59,-28.37,-48.41,361.16,356.32,20,11
839098,2025-01-11,Ffos Las,handicap,hurdle,2m 4f,4400,Presenting Nelly,11,104,-114.73,-114.73,-,-46.05,303.58,303.58,26,26
887398,2025-11-01,Wetherby,chase,chase,3m 45y,5325,Pic D'Orhy,2,162,314.30,314.30,-,286.34,395.28,395.28,13,13
843759,2025-02-15,Wincanton,handicap,hurdle,3m 150y,5430,Copshill Lad,5,109,-113.60,-113.60,-,-57.94,372.49,372.49,6,6
845774,2025-02-28,Ffos Las,handicap,hurdle,2m 7f 191y,5251,River Voyage,1,91,-113.04,-113.04,50.51,14.67,365.08,365.08,9,9
836801,2025-01-01,Fakenham,handicap,hurdle,2m 7f 95y,5155,Extra Cover,4,79,-113.02,-113.02,-,-39.97,364.05,364.05,7,7
845189,2025-02-21,Warwick,handicap,hurdle,3m 2f,5720,Just Four Fame,9,80,-113.00,-113.00,-,-52.33,379.72,379.72,5,5
836801,2025-01-01,Fakenham,handicap,hurdle,2m 7f 95y,5155,Regally Blonde,3,79,-112.52,-112.52,-,-39.47,364.05,364.05,7,7
885236,2025-10-20,Plumpton,handicap,chase,3m 1f 157y,5657,Blackacre,2,80,-111.36,-111.36,-,-136.71,400.80,400.80,3,3
893227,2025-12-10,Hexham,handicap,hurdle,2m 7f 63y,5123,Superior Glance,3,90,-111.34,-111.34,90.66,0.12,373.06,373.06,11,11
895859,2025-12-29,Kelso,handicap,chase,3m 2f 39y,5759,Great Notions,5,114,-111.21,-111.21,-,-84.31,398.64,398.64,3,3
865308,2025-06-29,Cartmel,handicap,chase,3m 1f 107y,5607,Jelski,6,89,-110.83,-110.83,-,-78.43,393.51,393.51,7,7
837304,2025-01-05,Chepstow,handicap,chase,3m 2f 54y,5774,Shot Boii,6,103,-110.65,-110.65,-,-,412.81,412.81,2,2
890412,2025-11-20,Wincanton,handicap,chase,1m 7f 149y,3449,Juggernaut,4,104,310.30,310.30,-,289.88,250.39,250.39,2,2
842721,2025-02-09,Chepstow,handicap,hurdle,2m 7f 131y,5191,Livy's Lad,7,83,-110.27,-134.09,-23.87,-43.91,361.16,356.32,20,11
876415,2025-08-30,Newton Abbot,maiden,hurdle,2m 167y,3687,Irisante,3,107,-109.93,-109.93,-,-125.35,246.65,246.65,35,27
865637,2025-06-27,Cartmel,handicap,chase,2m 5f 34y,4654,King Of Cong,7,100,-109.83,-109.83,-32.29,-57.76,328.40,328.40,9,9
890412,2025-11-20,Wincanton,handicap,chase,1m 7f 149y,3449,Chicago Storm,5,110,309.80,309.80,-,289.38,250.39,250.39,2,2
842697,2025-02-08,Uttoxeter,handicap,chase,1m 7f 214y,3514,What A Time,4,88,-109.65,-109.65,-,-73.87,239.44,239.44,12,12
893227,2025-12-10,Hexham,handicap,hurdle,2m 7f 63y,5123,Guernesey,2,98,-109.59,-109.59,92.41,1.87,373.06,373.06,11,11
842536,2025-02-07,Kempton,novice,hurdle,2m 5f,4620,Minella Kaiser,7,,-109.52,-109.52,-,-90.41,308.98,308.98,11,11
845189,2025-02-21,Warwick,handicap,hurdle,3m 2f,5720,Lucky So And So,8,104,-109.50,-109.50,-,-48.83,379.72,379.72,5,5
845189,2025-02-21,Warwick,handicap,hurdle,3m 2f,5720,Elfride,7,72,-109.45,-109.45,-,-48.78,379.72,379.72,5,5
893227,2025-12-10,Hexham,handicap,hurdle,2m 7f 63y,5123,Adveram,1,96,-109.29,-109.29,92.71,2.17,373.06,373.06,11,11
890412,2025-11-20,Wincanton,handicap,chase,1m 7f 149y,3449,Rangatira Jack,6,100,309.05,309.05,-,288.63,250.39,250.39,2,2
839098,2025-01-11,Ffos Las,handicap,hurdle,2m 4f,4400,Grandmaster Flash,10,72,-108.23,-108.23,-,-39.55,303.58,303.58,26,26
845370,2025-02-26,Bangor-on-Dee,handicap,chase,2m 1f 77y,3817,Night Jet,4,83,-108.20,-108.20,-,-22.00,256.28,256.28,9,9
843759,2025-02-15,Wincanton,handicap,hurdle,3m 150y,5430,Thruthelookinglass,4,107,-108.10,-108.10,-,-52.44,372.49,372.49,6,6
895859,2025-12-29,Kelso,handicap,chase,3m 2f 39y,5759,Super Citizen,4,103,-107.46,-107.46,-,-80.56,398.64,398.64,3,3
843759,2025-02-15,Wincanton,handicap,hurdle,3m 150y,5430,Patanita,3,105,-107.35,-107.35,-,-51.69,372.49,372.49,6,6
844851,2025-02-23,Fontwell,handicap,hurdle,2m 5f 164y,4784,Millies Mite,4,77,-107.05,-107.05,-,-11.53,329.30,329.30,19,19
845189,2025-02-21,Warwick,handicap,hurdle,3m 2f,5720,Prince Cleni,6,80,-106.70,-106.70,-,-46.03,379.72,379.72,5,5
894441,2025-12-18,Exeter,handicap,chase,3m 54y,5334,Gyenyame,4,117,-106.43,-106.43,64.35,19.91,381.06,381.06,14,14
842700,2025-02-08,Uttoxeter,handicap,chase,3m,5280,Hobb's Delight,6,96,-106.39,-106.39,-,-59.07,375.37,375.37,3,3
896321,2025-12-31,Uttoxeter,maiden,hurdle,2m 7f 70y,5130,Arctic Conditions,4,,-106.34,-106.34,1.99,-81.15,352.19,352.19,25,25
893225,2025-12-10,Hexham,maiden,hurdle,2m 4f 28y,4428,Knockeranna Rose,6,,-106.15,-106.15,78.68,-8.45,316.10,316.10,19,19
895859,2025-12-29,Kelso,handicap,chase,3m 2f 39y,5759,Court At Slip,3,102,-105.96,-105.96,-,-79.06,398.64,398.64,3,3
837304,2025-01-05,Chepstow,handicap,chase,3m 2f 54y,5774,Ultra Beat,5,110,-105.65,-105.65,-,-,412.81,412.81,2,2
842700,2025-02-08,Uttoxeter,handicap,chase,3m,5280,Mister Barclay,5,98,-105.39,-105.39,-,-58.07,375.37,375.37,3,3
845371,2025-02-26,Bangor-on-Dee,handicap,chase,2m 4f 72y,4472,Big City Roller,1,115,-105.38,-105.38,-,-3.16,302.99,302.99,8,8
890388,2025-11-20,Warwick,hurdle,hurdle,2m,3520,Paxton Gold,5,,-104.50,-106.66,-,-83.56,229.50,229.10,31,21
845189,2025-02-21,Warwick,handicap,hurdle,3m 2f,5720,Kazontherazz,5,101,-104.45,-104.45,-,-43.78,379.72,379.72,5,5
893226,2025-12-10,Hexham,handicap,hurdle,2m 4f 28y,4428,Pure Sirloin,3,90,-104.08,-104.08,72.32,-6.75,316.10,316.10,19,19
844645,2025-02-20,Huntingdon,handicap,hurdle,2m 3f 137y,4317,Alexandra Larose,1,88,304.05,304.05,-,326.46,290.52,290.52,14,14
865308,2025-06-29,Cartmel,handicap,chase,3m 1f 107y,5607,Defence Witness,5,92,-103.33,-103.33,-,-70.93,393.51,393.51,7,7
845189,2025-02-21,Warwick,handicap,hurdle,3m 2f,5720,Myfanwy's Magic,4,104,-102.95,-102.95,-,-42.28,379.72,379.72,5,5
836801,2025-01-01,Fakenham,handicap,hurdle,2m 7f 95y,5155,Lady's Present,2,80,-102.52,-102.52,-,-29.47,364.05,364.05,7,7
840901,2025-01-28,Chepstow,handicap,chase,2m 11y,3531,Lupus Regem,5,110,-102.50,-110.70,-,-17.66,240.18,238.57,35,7
888194,2025-11-06,Newbury,,nh_flat,2m 69y,3589,St Aurelia,11,,-102.34,-96.77,-73.45,-84.06,243.50,244.55,25,4
893225,2025-12-10,Hexham,maiden,hurdle,2m 4f 28y,4428,Whiskey On Ice,5,110,-101.90,-101.90,82.93,-4.20,316.10,316.10,19,19
855733,2025-05-03,Hexham,handicap,chase,3m 41y,5321,Super Citizen,8,100,-101.87,-101.87,-,-98.05,403.20,403.20,13,13
885236,2025-10-20,Plumpton,handicap,chase,3m 1f 157y,5657,Ken Roy,1,109,-101.86,-101.86,-,-127.21,400.80,400.80,3,3
841726,2025-01-30,Wincanton,novice,hurdle,2m 5f 82y,4702,Springtime Legend,2,,-101.86,-101.86,-,31.40,310.06,310.06,5,5
841726,2025-01-30,Wincanton,novice,hurdle,2m 5f 82y,4702,Bobbi With An I,1,,-101.66,-101.66,-,31.60,310.06,310.06,5,5
865308,2025-06-29,Cartmel,handicap,chase,3m 1f 107y,5607,The King Of May,4,92,-101.33,-101.33,-,-68.93,393.51,393.51,7,7
845189,2025-02-21,Warwick,handicap,hurdle,3m 2f,5720,Siberian Star,3,98,-101.20,-101.20,-,-40.53,379.72,379.72,5,5
842538,2025-02-07,Kempton,handicap,hurdle,2m 5f,4620,Hawk Stone,9,102,-101.13,-101.13,-,-80.15,308.98,308.98,11,11
842538,2025-02-07,Kempton,handicap,hurdle,2m 5f,4620,Storm Dennis,8,106,-100.93,-100.93,-,-79.95,308.98,308.98,11,11
840903,2025-01-28,Chepstow,novice,hurdle,2m 11y,3531,Varinia,12,,-100.55,-98.81,-,0.12,240.18,240.53,35,20
837304,2025-01-05,Chepstow,handicap,chase,3m 2f 54y,5774,The Big Reveal,4,85,-99.65,-99.65,-,-,412.81,412.81,2,2
844655,2025-02-21,Exeter,chase,chase,3m 54y,5334,Ilovethenightlife,5,126,-99.59,-99.59,68.67,-49.27,381.06,381.06,14,14
888527,2025-11-05,Chepstow,maiden,hurdle,2m 3f 100y,4280,Dawn's Desire,9,,-99.32,-99.32,-,-86.24,296.73,296.73,21,21
844645,2025-02-20,Huntingdon,handicap,hurdle,2m 3f 137y,4317,Love True,2,93,299.30,299.30,-,321.71,290.52,290.52,14,14
894441,2025-12-18,Exeter,handicap,chase,3m 54y,5334,Sheldon,3,117,-98.93,-98.93,71.85,27.41,381.06,381.06,14,14
884366,2025-10-15,Wetherby,handicap,hurdle,3m 26y,5306,Kiss My Face,1,105,298.86,298.86,-,271.33,382.89,382.89,9,9
896324,2025-12-31,Uttoxeter,handicap,chase,3m 10y,5290,Nine Nine Nine,7,83,-98.60,-98.60,11.29,-72.33,371.63,371.63,14,14
865308,2025-06-29,Cartmel,handicap,chase,3m 1f 107y,5607,Thehairyfella,3,88,-98.33,-98.33,-,-65.93,393.51,393.51,7,7
845381,2025-02-26,Wetherby,handicap,hurdle,3m 26y,5306,Hurricane Highway,7,122,-98.01,-98.01,-,-39.21,361.35,361.35,9,9
888527,2025-11-05,Chepstow,maiden,hurdle,2m 3f 100y,4280,Mr Griffiths,8,,-97.82,-97.82,-,-84.74,296.73,296.73,21,21
884366,2025-10-15,Wetherby,handicap,hurdle,3m 26y,5306,Belladinotte,2,79,297.36,297.36,-,269.83,382.89,382.89,9,9
840902,2025-01-28,Chepstow,handicap,chase,2m 7f 131y,5191,Bampton Star,6,99,-96.96,-86.70,-,54.24,361.16,363.26,20,8
893145,2025-12-09,Uttoxeter,handicap,hurdle,2m 3f 207y,4387,It's Maisy,8,96,-96.87,-96.87,-2.12,-38.70,301.73,301.73,31,31
885395,2025-10-21,Perth,handicap,hurdle,2m 4f 35y,4435,Feach Amach,6,105,-96.62,-96.62,-,-38.36,305.47,305.47,23,23
865308,2025-06-29,Cartmel,handicap,chase,3m 1f 107y,5607,Ali Star Bert,2,100,-96.58,-96.58,-,-64.18,393.51,393.51,7,7
893226,2025-12-10,Hexham,handicap,hurdle,2m 4f 28y,4428,Getaway Master,2,90,-96.58,-96.58,79.82,0.75,316.10,316.10,19,19
845184,2025-02-21,Exeter,handicap,hurdle,2m 161y,3681,Presenting Nelly,3,97,-95.69,-103.17,16.60,-61.47,253.39,251.88,24,18
886745,2025-10-29,Newton Abbot,maiden,nh_flat,2m 167y,3687,Scorporite,11,,-95.68,-103.99,-35.35,-94.91,246.65,245.10,35,7
845185,2025-02-21,Exeter,handicap,hurdle,2m 5f 137y,4757,Speiriuil,6,103,-95.41,-95.41,57.67,-37.56,331.93,331.93,9,9
893225,2025-12-10,Hexham,maiden,hurdle,2m 4f 28y,4428,Cold Henry,4,,-95.40,-95.40,89.43,2.30,316.10,316.10,19,19
843759,2025-02-15,Wincanton,handicap,hurdle,3m 150y,5430,Briefly,2,103,-95.35,-95.35,-,-39.69,372.49,372.49,6,6
845370,2025-02-26,Bangor-on-Dee,handicap,chase,2m 1f 77y,3817,Jaitroplaclasse,3,100,-95.20,-95.20,-,-9.00,256.28,256.28,9,9
893226,2025-12-10,Hexham,handicap,hurdle,2m 4f 28y,4428,King Gris,1,68,-95.08,-95.08,81.32,2.25,316.10,316.10,19,19
895800,2025-12-27,Wetherby,handicap,hurdle,3m 26y,5306,Little Soiree,14,94,-94.96,-94.96,-,-49.15,361.35,361.35,9,9
842538,2025-02-07,Kempton,handicap,hurdle,2m 5f,4620,Sun Joy,7,106,-94.93,-94.93,-,-73.95,308.98,308.98,11,11
876415,2025-08-30,Newton Abbot,maiden,hurdle,2m 167y,3687,Never Told Me,2,,-94.93,-94.93,-,-110.35,246.65,246.65,35,27
843759,2025-02-15,Wincanton,handicap,hurdle,3m 150y,5430,Badbury Rings,1,101,-94.85,-94.85,-,-39.19,372.49,372.49,6,6
865308,2025-06-29,Cartmel,handicap,chase,3m 1f 107y,5607,Judicial Review,1,80,-94.58,-94.58,-,-62.18,393.51,393.51,7,7
896320,2025-12-31,Uttoxeter,handicap,hurdle,2m 7f 70y,5130,Shesupincourt,8,75,-94.58,-94.58,14.48,-69.42,352.19,352.19,25,25
869062,2025-07-20,Stratford,handicap,hurdle,3m 2f 83y,5803,Ocean Legacy,3,88,-94.53,-94.53,-,-118.48,400.50,400.50,3,3
844653,2025-02-21,Exeter,novice,hurdle,2m 161y,3681,Stinginhisstep,6,,-94.08,-101.61,20.84,-68.24,253.39,251.88,24,18
895859,2025-12-29,Kelso,handicap,chase,3m 2f 39y,5759,Blakey Boy,2,100,-93.96,-93.96,-,-67.06,398.64,398.64,3,3
845370,2025-02-26,Bangor-on-Dee,handicap,chase,2m 1f 77y,3817,Jackpot Cash,2,92,-93.95,-93.95,-,-7.75,256.28,256.28,9,9
862836,2025-06-14,Hexham,handicap,hurdle,2m 4f 28y,4428,Dinons,8,125,-93.74,-93.74,-,-111.93,316.10,316.10,19,19
887959,2025-11-05,Chepstow,,nh_flat,2m 16y,3536,Jacquette,11,,-93.69,-107.99,-,-96.64,253.27,250.50,11,2
888544,2025-11-08,Wincanton,handicap,chase,3m 1f 30y,5530,Gustavian,1,127,293.63,293.63,163.72,255.31,410.61,410.61,10,10
887398,2025-11-01,Wetherby,chase,chase,3m 45y,5325,Ga Law,3,155,293.30,293.30,-,265.34,395.28,395.28,13,13
842734,2025-02-09,Exeter,maiden,nh_flat,2m 161y,3681,She That Shares,8,,-92.66,-30.93,-1.00,-8.66,253.52,264.87,24,5
845773,2025-02-28,Ffos Las,maiden,hurdle,2m 4f,4400,Girls Best Friend,5,,-92.56,-92.56,62.51,15.80,303.58,303.58,26,26
841068,2025-01-25,Uttoxeter,handicap,hurdle,2m 3f 207y,4387,Polly Pi,9,87,-92.49,-92.49,-8.44,-55.59,301.73,301.73,31,31
840902,2025-01-28,Chepstow,handicap,chase,2m 7f 131y,5191,The Big Reveal,5,82,-92.46,-82.20,-,58.74,361.16,363.26,20,8
884366,2025-10-15,Wetherby,handicap,hurdle,3m 26y,5306,Victory Club,3,92,292.36,292.36,-,264.83,382.89,382.89,9,9
892736,2025-12-04,Market Rasen,handicap,chase,2m 3f 34y,4214,Lord Maher,7,87,-92.29,-92.29,-,-67.88,294.85,294.85,5,5
894776,2025-12-21,Fakenham,handicap,chase,3m 5f 24y,6404,To Be Sure,4,91,-92.24,-92.24,-,-41.23,475.42,475.42,2,2
843753,2025-02-15,Wincanton,handicap,hurdle,2m 5f 82y,4702,King Of The Lake,1,102,-92.23,-92.23,-,-63.72,310.06,310.06,5,5
845189,2025-02-21,Warwick,handicap,hurdle,3m 2f,5720,Keppel Queen,2,102,-92.20,-92.20,-,-31.53,379.72,379.72,5,5
845370,2025-02-26,Bangor-on-Dee,handicap,chase,2m 1f 77y,3817,Eric Carmen,1,71,-92.20,-92.20,-,-6.00,256.28,256.28,9,9
852224,2025-04-11,Ayr,handicap,hurdle,2m 5f 91y,4711,The Four Sixes,1,137,292.05,292.05,165.79,300.54,351.14,351.14,3,3
840552,2025-01-25,Uttoxeter,handicap,chase,3m 2f 13y,5733,Atlanta Brave,4,122,-91.88,-91.88,13.79,-48.47,405.30,405.30,7,7
884366,2025-10-15,Wetherby,handicap,hurdle,3m 26y,5306,Tees Comp's Clive,4,82,291.36,291.36,-,263.83,382.89,382.89,9,9
842721,2025-02-09,Chepstow,handicap,hurdle,2m 7f 131y,5191,Thirtyfour Thirty,6,99,-91.27,-115.09,-4.87,-24.91,361.16,356.32,20,11
895800,2025-12-27,Wetherby,handicap,hurdle,3m 26y,5306,Perfect Poli,13,79,-91.21,-91.21,-,-45.40,361.35,361.35,9,9
845189,2025-02-21,Warwick,handicap,hurdle,3m 2f,5720,Barricane,1,103,-91.20,-91.20,-,-30.53,379.72,379.72,5,5
844655,2025-02-21,Exeter,chase,chase,3m 54y,5334,Lady Balko,4,135,-91.09,-91.09,77.17,-40.77,381.06,381.06,14,14
896320,2025-12-31,Uttoxeter,handicap,hurdle,2m 7f 70y,5130,Coventry,7,82,-91.08,-91.08,17.98,-65.92,352.19,352.19,25,25
840903,2025-01-28,Chepstow,novice,hurdle,2m 11y,3531,King's Consort,11,,-91.05,-89.31,-,9.62,240.18,240.53,35,20
848127,2025-03-15,Uttoxeter,,nh_flat,1m 7f 168y,3468,On Top Of The Moon,12,,-90.95,-90.95,-50.60,-85.44,236.00,236.00,50,8
884366,2025-10-15,Wetherby,handicap,hurdle,3m 26y,5306,Thank You Blue,5,104,290.86,290.86,-,263.33,382.89,382.89,9,9
840902,2025-01-28,Chepstow,handicap,chase,2m 7f 131y,5191,Shot Boii,4,100,-90.71,-80.45,-,60.49,361.16,363.26,20,8
845776,2025-02-28,Ffos Las,handicap,chase,2m 3f 83y,4263,Mystic Man,5,86,-90.51,-90.51,39.25,14.24,309.05,309.05,9,9
892127,2025-12-01,Plumpton,,nh_flat,2m 1f 169y,3909,Road To Nirvana,7,,-89.76,-89.76,-,-39.31,264.10,264.10,2,2
891846,2025-11-29,Bangor-on-Dee,handicap,chase,2m 4f 72y,4472,Regal Renaissance,3,112,-89.69,-89.69,25.83,-37.28,302.99,302.99,8,8
836801,2025-01-01,Fakenham,handicap,hurdle,2m 7f 95y,5155,Malago Rose,1,94,-89.52,-89.52,-,-16.47,364.05,364.05,7,7
890412,2025-11-20,Wincanton,handicap,chase,1m 7f 149y,3449,Jaitroplaclasse,7,101,289.05,289.05,-,268.63,250.39,250.39,2,2
896320,2025-12-31,Uttoxeter,handicap,hurdle,2m 7f 70y,5130,Hobb's Delight,6,89,-88.83,-88.83,20.23,-63.67,352.19,352.19,25,25
842700,2025-02-08,Uttoxeter,handicap,chase,3m,5280,Ronnies Reflection,4,85,-88.39,-88.39,-,-41.07,375.37,375.37,3,3
853410,2025-04-19,Newton Abbot,maiden,hurdle,2m 2f 110y,4070,Daisy Me Rollin,9,,-88.27,-88.27,-5.51,25.33,267.36,267.36,11,11
853410,2025-04-19,Newton Abbot,maiden,hurdle,2m 2f 110y,4070,Gorcombe And Wise,8,,-87.97,-87.97,-5.21,25.63,267.36,267.36,11,11
896320,2025-12-31,Uttoxeter,handicap,hurdle,2m 7f 70y,5130,Sandscape,5,96,-87.83,-87.83,21.23,-62.67,352.19,352.19,25,25
893225,2025-12-10,Hexham,maiden,hurdle,2m 4f 28y,4428,Kool Raoul,3,108,-87.40,-87.40,97.43,10.30,316.10,316.10,19,19
887398,2025-11-01,Wetherby,chase,chase,3m 45y,5325,Hewick,4,158,287.30,287.30,-,259.34,395.28,395.28,13,13
845578,2025-02-27,Taunton,handicap,hurdle,2m 7f 198y,5258,Looking For Larry,7,106,-87.29,-87.29,-,-31.50,359.03,359.03,9,9
843008,2025-02-07,Kempton,maiden,nh_flat,2m,3520,Monansunu,8,,-87.23,-37.47,-,-20.60,230.06,239.80,23,3
876415,2025-08-30,Newton Abbot,maiden,hurdle,2m 167y,3687,Manyana Blue,1,94,-86.93,-86.93,-,-102.35,246.65,246.65,35,27
845578,2025-02-27,Taunton,handicap,hurdle,2m 7f 198y,5258,Longshanks,6,109,-86.79,-86.79,-,-31.00,359.03,359.03,9,9
840902,2025-01-28,Chepstow,handicap,chase,2m 7f 131y,5191,Twilight Glory,3,96,-86.71,-76.45,-,64.49,361.16,363.26,20,8
896324,2025-12-31,Uttoxeter,handicap,chase,3m 10y,5290,Gata Ban,6,95,-86.60,-86.60,23.29,-60.33,371.63,371.63,14,14
844653,2025-02-21,Exeter,novice,hurdle,2m 161y,3681,Berkshire Lad,5,,-86.58,-94.11,28.34,-60.74,253.39,251.88,24,18
842721,2025-02-09,Chepstow,handicap,hurdle,2m 7f 131y,5191,Pride Of Paris,5,98,-86.52,-110.34,-0.12,-20.16,361.16,356.32,20,11
841177,2025-01-26,Fontwell,,nh_flat,2m 1f 162y,3902,Aureus,7,,-86.31,-104.30,6.25,-39.89,266.10,262.63,40,7
889033,2025-11-12,Bangor-on-Dee,hurdle,hurdle,2m 145y,3665,On Subs,8,,-86.27,-86.25,-4.74,-37.32,244.50,244.50,20,17
852224,2025-04-11,Ayr,handicap,hurdle,2m 5f 91y,4711,Florida Dreams,2,123,286.05,286.05,159.79,294.54,351.14,351.14,3,3
895859,2025-12-29,Kelso,handicap,chase,3m 2f 39y,5759,Golden Point,1,110,-85.96,-85.96,-,-59.06,398.64,398.64,3,3
894441,2025-12-18,Exeter,handicap,chase,3m 54y,5334,Operation Manna,2,125,-85.93,-85.93,84.85,40.41,381.06,381.06,14,14
845185,2025-02-21,Exeter,handicap,hurdle,2m 5f 137y,4757,Kingston Gent,5,103,-85.91,-85.91,67.17,-28.06,331.93,331.93,9,9
884365,2025-10-15,Wetherby,handicap,chase,2m 3f 85y,4265,Magistrato,1,123,285.87,285.87,-,263.71,311.87,311.87,15,15
842721,2025-02-09,Chepstow,handicap,hurdle,2m 7f 131y,5191,I'm A Starman,4,100,-85.77,-109.59,0.63,-19.41,361.16,356.32,20,11
895800,2025-12-27,Wetherby,handicap,hurdle,3m 26y,5306,Walk My Way,12,69,-85.71,-85.71,-,-39.90,361.35,361.35,9,9
892832,2025-12-05,Exeter,,nh_flat,2m 161y,3681,Getavispa,15,,-85.35,-82.04,-,-34.42,253.39,254.03,24,5
880460,2025-09-23,Warwick,handicap,chase,3m,5280,Bumpy Evans,1,112,285.18,285.18,-,204.58,376.02,376.02,10,10
842534,2025-02-07,Bangor-on-Dee,handicap,hurdle,2m 3f 123y,4303,Flora Paget,10,89,-85.14,-85.14,-,-29.16,287.48,287.48,20,20
884366,2025-10-15,Wetherby,handicap,hurdle,3m 26y,5306,Red Force One,6,102,284.86,284.86,-,257.33,382.89,382.89,9,9
834743,2025-01-01,Cheltenham,handicap,hurdle,2m 7f 213y,5273,An Tailliur,9,130,-84.61,-84.61,32.49,28.78,359.11,359.11,7,7
842721,2025-02-09,Chepstow,handicap,hurdle,2m 7f 131y,5191,Pipers Cross,3,99,-84.52,-108.34,1.88,-18.16,361.16,356.32,20,11
840902,2025-01-28,Chepstow,handicap,chase,2m 7f 131y,5191,The Midwife,2,85,-84.46,-74.20,-,66.74,361.16,363.26,20,8
842695,2025-02-08,Uttoxeter,novice,hurdle,2m 7f 70y,5130,Great Name That,5,115,-84.46,-84.46,-,-32.04,352.19,352.19,25,25
866535,2025-07-06,Market Rasen,maiden,nh_flat,2m 125y,3645,Foxburrow Forever,8,,-84.31,-99.59,-16.80,-53.23,254.00,250.96,39,11
888544,2025-11-08,Wincanton,handicap,chase,3m 1f 30y,5530,Scarface,2,136,284.13,284.13,154.22,245.81,410.61,410.61,10,10
845381,2025-02-26,Wetherby,handicap,hurdle,3m 26y,5306,Sam's Choice,6,118,-84.01,-84.01,-,-25.21,361.35,361.35,9,9
865050,2025-06-27,Cartmel,handicap,chase,2m 5f 34y,4654,Judicial Review,6,80,-83.73,-83.73,0.09,-31.91,328.40,328.40,9,9
845381,2025-02-26,Wetherby,handicap,hurdle,3m 26y,5306,Hajey,5,117,-83.71,-83.71,-,-24.91,361.35,361.35,9,9
847064,2025-03-08,Hereford,maiden,hurdle,2m 3f 147y,4327,King Troy,10,,-83.59,-83.59,-60.80,-84.68,290.54,290.54,18,18
894770,2025-12-21,Lingfield,handicap,hurdle,2m 3f 110y,4290,Known Warrior,6,102,-83.58,-83.58,-,-46.06,299.75,299.75,11,11
845374,2025-02-26,Bangor-on-Dee,maiden,hurdle,2m 3f 123y,4303,Winchmore Hill,2,110,-83.36,-83.36,-,21.08,287.48,287.48,20,20
845773,2025-02-28,Ffos Las,maiden,hurdle,2m 4f,4400,Ferando,4,,-83.06,-83.06,72.01,25.30,303.58,303.58,26,26
896320,2025-12-31,Uttoxeter,handicap,hurdle,2m 7f 70y,5130,Donttellyamumjack,4,83,-82.83,-82.83,26.23,-57.67,352.19,352.19,25,25
837304,2025-01-05,Chepstow,handicap,chase,3m 2f 54y,5774,Fortunefavorsdbold,3,101,-82.65,-82.65,-,-,412.81,412.81,2,2
887398,2025-11-01,Wetherby,chase,chase,3m 45y,5325,The Real Whacker,5,156,282.55,282.55,-,254.59,395.28,395.28,13,13
849308,2025-04-03,Aintree,chase,chase,2m 5f 19y,4639,Ramillies,22,129,-82.54,-82.54,-65.04,-73.74,321.33,321.33,2,2
895800,2025-12-27,Wetherby,handicap,hurdle,3m 26y,5306,Moveonbuy,11,83,-82.46,-82.46,-,-36.65,361.35,361.35,9,9
845381,2025-02-26,Wetherby,handicap,hurdle,3m 26y,5306,Curley Finger,4,124,-82.46,-82.46,-,-23.66,361.35,361.35,9,9
845784,2025-02-28,Newbury,handicap,hurdle,3m 52y,5332,Press Your Luck,8,127,-82.39,-82.39,-15.61,5.36,358.25,358.25,4,4
837304,2025-01-05,Chepstow,handicap,chase,3m 2f 54y,5774,Stellar Stream,2,105,-82.35,-82.35,-,-,412.81,412.81,2,2
840543,2025-01-26,Fontwell,handicap,chase,2m 5f 135y,4755,Sir Rock,5,96,-82.32,-82.32,26.33,-25.53,342.37,342.37,7,7
844853,2025-02-23,Fontwell,maiden,nh_flat,2m 1f 162y,3902,Mistress Fox,7,,-82.30,-100.48,-,-14.17,266.10,262.63,40,7
844645,2025-02-20,Huntingdon,handicap,hurdle,2m 3f 137y,4317,Jailbird,3,81,282.30,282.30,-,304.71,290.52,290.52,14,14
844853,2025-02-23,Fontwell,maiden,nh_flat,2m 1f 162y,3902,Khalife Des Obeaux,6,,-82.00,-100.18,-,-13.87,266.10,262.63,40,7
885396,2025-10-21,Perth,handicap,hurdle,2m 4f 35y,4435,Coventry,7,87,-82.00,-82.00,-,-24.97,305.47,305.47,23,23
840902,2025-01-28,Chepstow,handicap,chase,2m 7f 131y,5191,Jo Lescribaa,1,96,-81.96,-71.70,-,69.24,361.16,363.26,20,8
893229,2025-12-10,Hexham,handicap,chase,1m 7f 133y,3433,Blended Stealth,5,75,-81.95,-81.95,52.12,-6.48,250.45,250.45,7,7
857320,2025-05-14,Perth,chase,chase,2m 7f 180y,5240,Deerstalker,4,106,-81.86,-81.86,-,-101.47,368.13,368.13,15,15
888528,2025-11-05,Chepstow,maiden,hurdle,2m 3f 100y,4280,Parliamo,8,,-81.76,-81.76,-,-68.12,296.73,296.73,21,21
896324,2025-12-31,Uttoxeter,handicap,chase,3m 10y,5290,Emotional Roller,5,89,-81.60,-81.60,28.29,-55.33,371.63,371.63,14,14
844648,2025-02-20,Lingfield,maiden,hurdle,2m 3f 110y,4290,Bollin Thou,9,,-81.50,-81.50,-,-33.19,299.75,299.75,11,11
840901,2025-01-28,Chepstow,handicap,chase,2m 11y,3531,Idy Wood,4,124,-81.50,-89.70,-,3.34,240.18,238.57,35,7
881203,2025-09-23,Warwick,handicap,hurdle,3m 2f,5720,My Gift To You,1,110,281.48,281.48,-,185.19,386.00,386.00,5,5
888295,2025-11-07,Fontwell,handicap,chase,3m 1f 210y,5710,He Is A Cracker,3,85,-81.46,-81.46,-,-47.18,406.70,406.70,13,13
844648,2025-02-20,Lingfield,maiden,hurdle,2m 3f 110y,4290,Dark Mystery,8,,-81.40,-81.40,-,-33.09,299.75,299.75,11,11
888544,2025-11-08,Wincanton,handicap,chase,3m 1f 30y,5530,Credo,3,133,281.38,281.38,151.47,243.06,410.61,410.61,10,10
884366,2025-10-15,Wetherby,handicap,hurdle,3m 26y,5306,Rebel Intentions,7,92,281.36,281.36,-,253.83,382.89,382.89,9,9
844654,2025-02-21,Exeter,handicap,chase,3m 54y,5334,Alcedo,3,122,-81.34,-81.34,92.86,-34.05,381.06,381.06,14,14
894441,2025-12-18,Exeter,handicap,chase,3m 54y,5334,Isaac Des Obeaux,1,127,-80.93,-80.93,89.85,45.41,381.06,381.06,14,14
885396,2025-10-21,Perth,handicap,hurdle,2m 4f 35y,4435,Follow Charlie,6,104,-80.75,-80.75,-,-23.72,305.47,305.47,23,23
845381,2025-02-26,Wetherby,handicap,hurdle,3m 26y,5306,Benassi,3,120,-80.71,-80.71,-,-21.91,361.35,361.35,9,9
894605,2025-12-19,Uttoxeter,handicap,hurdle,2m 3f 207y,4387,The Last Drop,7,80,-80.69,-80.69,44.71,44.71,301.73,301.73,31,31
892736,2025-12-04,Market Rasen,handicap,chase,2m 3f 34y,4214,Caro Des Flos,6,80,-80.29,-80.29,-,-55.88,294.85,294.85,5,5
843008,2025-02-07,Kempton,maiden,nh_flat,2m,3520,Harksman,7,,-80.23,-30.47,-,-13.60,230.06,239.80,23,3
844656,2025-02-21,Exeter,handicap,chase,3m 6f 153y,6753,Gold Clermont,5,110,-80.14,-80.14,136.39,-13.18,506.52,506.52,2,2
844655,2025-02-21,Exeter,chase,chase,3m 54y,5334,La Malmason,3,143,-80.09,-80.09,88.17,-29.77,381.06,381.06,14,14
852224,2025-04-11,Ayr,handicap,hurdle,2m 5f 91y,4711,I Love My Baie,3,134,280.05,280.05,153.79,288.54,351.14,351.14,3,3
852224,2025-04-11,Ayr,handicap,hurdle,2m 5f 91y,4711,Phantomofthepoints,4,130,279.95,279.95,153.69,288.44,351.14,351.14,3,3
884366,2025-10-15,Wetherby,handicap,hurdle,3m 26y,5306,Romeo Brown,8,99,279.61,279.61,-,252.08,382.89,382.89,9,9
869241,2025-07-21,Cartmel,handicap,hurdle,2m 6f 31y,4871,Myfavouritesister,10,77,-79.52,-79.52,15.07,3.95,335.55,335.55,12,12
840229,2025-01-23,Wetherby,handicap,hurdle,2m 3f 154y,4334,Montana Golden,12,90,-79.45,-79.45,-,-27.41,305.86,305.86,16,16
866533,2025-07-06,Market Rasen,handicap,chase,2m 5f 89y,4709,Genois,5,122,-79.41,-79.41,30.72,-19.57,330.78,330.78,12,12
896321,2025-12-31,Uttoxeter,maiden,hurdle,2m 7f 70y,5130,Firm But Fair,3,,-79.34,-79.34,28.99,-54.15,352.19,352.19,25,25
841550,2025-01-28,Chepstow,,nh_flat,2m 11y,3531,Tenbob Tommy,7,,-79.29,-108.10,-,-4.68,240.18,234.57,35,6
880460,2025-09-23,Warwick,handicap,chase,3m,5280,Smugglers Haven,2,115,279.18,279.18,-,198.58,376.02,376.02,10,10
845784,2025-02-28,Newbury,handicap,hurdle,3m 52y,5332,Ramo,7,123,-79.14,-79.14,-12.36,8.61,358.25,358.25,4,4
893143,2025-12-09,Uttoxeter,handicap,chase,3m 10y,5290,Popova,6,123,-78.92,-78.92,31.38,-1.35,371.63,371.63,14,14
845185,2025-02-21,Exeter,handicap,hurdle,2m 5f 137y,4757,Native Moon,4,100,-78.91,-78.91,74.17,-21.06,331.93,331.93,9,9
893225,2025-12-10,Hexham,maiden,hurdle,2m 4f 28y,4428,Cushendun,2,,-78.90,-78.90,105.93,18.80,316.10,316.10,19,19
845190,2025-02-21,Warwick,novice,hurdle,2m 3f,4180,Absolutely Certain,7,,-78.67,-78.67,-,-32.44,273.82,273.82,16,16
881203,2025-09-23,Warwick,handicap,hurdle,3m 2f,5720,Prince De Juilley,2,100,278.48,278.48,-,182.19,386.00,386.00,5,5
843008,2025-02-07,Kempton,maiden,nh_flat,2m,3520,Oh My Guinness,6,,-78.48,-28.72,-,-11.85,230.06,239.80,23,3
893225,2025-12-10,Hexham,maiden,hurdle,2m 4f 28y,4428,Tashkhan,1,,-78.40,-78.40,106.43,19.30,316.10,316.10,19,19
842700,2025-02-08,Uttoxeter,handicap,chase,3m,5280,Lyrical Genius,3,100,-78.39,-78.39,-,-31.07,375.37,375.37,3,3
840903,2025-01-28,Chepstow,novice,hurdle,2m 11y,3531,Kiss Me Moon,10,,-78.05,-76.31,-,22.62,240.18,240.53,35,20
852224,2025-04-11,Ayr,handicap,hurdle,2m 5f 91y,4711,Irish Hill,5,133,277.95,277.95,151.69,286.44,351.14,351.14,3,3
844655,2025-02-21,Exeter,chase,chase,3m 54y,5334,Malina Girl,2,142,-77.84,-77.84,90.42,-27.52,381.06,381.06,14,14
893228,2025-12-10,Hexham,handicap,chase,2m 4f 15y,4415,Halpha Soleil,5,105,-77.83,-77.83,106.83,22.51,321.05,321.05,11,11
862836,2025-06-14,Hexham,handicap,hurdle,2m 4f 28y,4428,Buy Some Time,7,115,-77.74,-77.74,-,-95.93,316.10,316.10,19,19
894602,2025-12-19,Uttoxeter,handicap,chase,3m 10y,5290,Try The Money,2,77,-77.61,-77.61,65.62,47.06,371.63,371.63,14,14
854537,2025-04-26,Sandown,handicap,hurdle,2m 3f 173y,4353,Jump Allen,1,128,277.52,277.52,-,261.73,324.83,324.83,7,7
845784,2025-02-28,Newbury,handicap,hurdle,3m 52y,5332,Itseemslikeit,6,118,-77.39,-77.39,-10.61,10.36,358.25,358.25,4,4
896324,2025-12-31,Uttoxeter,handicap,chase,3m 10y,5290,Good Work,4,102,-77.35,-77.35,32.54,-51.08,371.63,371.63,14,14
885396,2025-10-21,Perth,handicap,hurdle,2m 4f 35y,4435,Sauce Of Life,5,107,-77.25,-77.25,-,-20.22,305.47,305.47,23,23
845773,2025-02-28,Ffos Las,maiden,hurdle,2m 4f,4400,Fat Faced Columbo,3,,-77.06,-77.06,78.01,31.30,303.58,303.58,26,26
876424,2025-08-30,Newton Abbot,handicap,chase,3m 1f 170y,5670,Testflight,5,81,-77.04,-77.04,-,-70.07,396.58,396.58,14,14
845381,2025-02-26,Wetherby,handicap,hurdle,3m 26y,5306,Shared,2,114,-76.96,-76.96,-,-18.16,361.35,361.35,9,9
844654,2025-02-21,Exeter,handicap,chase,3m 54y,5334,Stans The Man,2,118,-76.84,-76.84,97.36,-29.55,381.06,381.06,14,14
845777,2025-02-28,Ffos Las,handicap,hurdle,2m 4f,4400,Coup De Gold,5,81,-76.51,-76.51,63.96,38.01,303.58,303.58,26,26
879024,2025-09-15,Worcester,maiden,hurdle,2m,3520,Lucky In Taipan,13,80,-76.33,-73.14,-25.71,-68.07,235.44,236.05,46,34
854537,2025-04-26,Sandown,handicap,hurdle,2m 3f 173y,4353,Mostly Sunny,2,109,276.27,276.27,-,260.48,324.83,324.83,7,7
885396,2025-10-21,Perth,handicap,hurdle,2m 4f 35y,4435,Burning It Up,4,94,-76.25,-76.25,-,-19.22,305.47,305.47,23,23
842700,2025-02-08,Uttoxeter,handicap,chase,3m,5280,Dunworley,2,80,-76.14,-76.14,-,-28.82,375.37,375.37,3,3
896324,2025-12-31,Uttoxeter,handicap,chase,3m 10y,5290,Fortunefavorsdbold,3,97,-76.10,-76.10,33.79,-49.83,371.63,371.63,14,14
844655,2025-02-21,Exeter,chase,chase,3m 54y,5334,Don't Rightly Know,1,137,-76.09,-76.09,92.17,-25.77,381.06,381.06,14,14
840903,2025-01-28,Chepstow,novice,hurdle,2m 11y,3531,Kate Of The Lodge,9,,-76.05,-74.31,-,24.62,240.18,240.53,35,20
881203,2025-09-23,Warwick,handicap,hurdle,3m 2f,5720,Kiss My Face,3,106,275.98,275.98,-,179.69,386.00,386.00,5,5
854537,2025-04-26,Sandown,handicap,hurdle,2m 3f 173y,4353,King Alexander,3,135,275.97,275.97,-,260.18,324.83,324.83,7,7
837304,2025-01-05,Chepstow,handicap,chase,3m 2f 54y,5774,Katate Dori,1,110,-75.85,-75.85,-,-,412.81,412.81,2,2
840548,2025-01-25,Uttoxeter,maiden,hurdle,1m 7f 168y,3468,Watching Over You,8,,-75.83,-84.18,-8.35,-56.86,236.00,234.41,50,41
844645,2025-02-20,Huntingdon,handicap,hurdle,2m 3f 137y,4317,Seasmoke,4,87,275.80,275.80,-,298.21,290.52,290.52,14,14
845372,2025-02-26,Bangor-on-Dee,novice,chase,2m 1f 77y,3817,Ostend,3,117,-75.74,-75.74,-,12.65,256.28,256.28,9,9
845200,2025-02-25,Leicester,handicap,chase,2m 4f 25y,4425,Tilly Toughnut,4,97,-75.61,-75.61,34.30,22.47,322.39,322.39,9,9
842716,2025-02-09,Chepstow,maiden,hurdle,2m 3f 100y,4280,Noble Recall,13,,-75.47,-75.47,32.61,-8.66,296.73,296.73,21,21
836807,2025-01-01,Exeter,handicap,hurdle,2m 5f 137y,4757,Thirtyfour Thirty,9,102,-75.33,-75.33,21.34,23.27,331.93,331.93,9,9
844642,2025-02-20,Huntingdon,maiden,hurdle,2m 4f 145y,4545,Fortune Dancer,12,,-75.24,-75.24,-,-63.25,309.10,309.10,11,11
862836,2025-06-14,Hexham,handicap,hurdle,2m 4f 28y,4428,Willaston,6,120,-75.24,-75.24,-,-93.43,316.10,316.10,19,19
895573,2025-12-26,Aintree,handicap,chase,3m 210y,5490,Dubai Days,8,124,-75.21,-75.21,-49.65,-48.70,377.95,377.95,6,6
841550,2025-01-28,Chepstow,,nh_flat,2m 11y,3531,Tuck Your Shirt In,6,,-75.04,-103.85,-,-0.43,240.18,234.57,35,6
852224,2025-04-11,Ayr,handicap,hurdle,2m 5f 91y,4711,Benson,6,124,274.95,274.95,148.69,283.44,351.14,351.14,3,3
889036,2025-11-12,Bangor-on-Dee,handicap,hurdle,2m 3f 123y,4303,Della Casa Lunga,7,136,-74.63,-74.63,23.55,-14.98,287.48,287.48,20,20
842528,2025-02-07,Bangor-on-Dee,chase,chase,3m 30y,5310,For One Night Only,7,,-74.48,-74.48,-,-10.73,371.09,371.09,10,10
892736,2025-12-04,Market Rasen,handicap,chase,2m 3f 34y,4214,Beat The Edge,5,83,-74.29,-74.29,-,-49.88,294.85,294.85,5,5
862836,2025-06-14,Hexham,handicap,hurdle,2m 4f 28y,4428,Well Educated,5,108,-74.24,-74.24,-,-92.43,316.10,316.10,19,19
839098,2025-01-11,Ffos Las,handicap,hurdle,2m 4f,4400,Heart Of Rome,9,85,-74.23,-74.23,-,-5.55,303.58,303.58,26,26
838885,2025-01-11,Ffos Las,maiden,hurdle,2m 4f,4400,Kiss Me Moon,10,,-74.11,-74.11,-,6.57,303.58,303.58,26,26
839098,2025-01-11,Ffos Las,handicap,hurdle,2m 4f,4400,Mini Yeats,8,82,-74.03,-74.03,-,-5.35,303.58,303.58,26,26
840559,2025-01-26,Sedgefield,handicap,chase,3m 2f 59y,5779,Monaghan Boy,10,80,-74.01,-74.01,-11.62,-10.32,412.13,412.13,8,8
879811,2025-09-19,Newton Abbot,maiden,hurdle,2m 5f 122y,4742,Roe And Co,4,,-74.00,-74.00,-,-46.92,319.81,319.81,16,16
893229,2025-12-10,Hexham,handicap,chase,1m 7f 133y,3433,Treaty Boy,4,96,-73.95,-73.95,60.12,1.52,250.45,250.45,7,7
886082,2025-10-21,Perth,maiden,hurdle,2m 47y,3567,Solway Staree,8,66,-73.80,-76.38,-,-35.64,238.00,237.49,20,17
866530,2025-07-06,Market Rasen,maiden,hurdle,2m 4f 139y,4539,Mayor Kingston,5,,-73.79,-73.79,28.85,-92.34,318.79,318.79,24,24
880460,2025-09-23,Warwick,handicap,chase,3m,5280,Jubilant,3,122,273.68,273.68,-,193.08,376.02,376.02,10,10
834745,2025-01-01,Cheltenham,,nh_flat,2m 179y,3699,Merely A Detail,16,,-73.64,-,-,-,245.56,-,11,1
854537,2025-04-26,Sandown,handicap,hurdle,2m 3f 173y,4353,Ike Sport,4,128,273.47,273.47,-,257.68,324.83,324.83,7,7
862836,2025-06-14,Hexham,handicap,hurdle,2m 4f 28y,4428,Ballystone,4,124,-73.24,-73.24,-,-91.43,316.10,316.10,19,19
880460,2025-09-23,Warwick,handicap,chase,3m,5280,Deep Purple,4,118,273.18,273.18,-,192.58,376.02,376.02,10,10
842700,2025-02-08,Uttoxeter,handicap,chase,3m,5280,Hot Rod Lincoln,1,91,-73.14,-73.14,-,-25.82,375.37,375.37,3,3
845372,2025-02-26,Bangor-on-Dee,novice,chase,2m 1f 77y,3817,Cabhfuilfungi,2,123,-72.99,-72.99,-,15.40,256.28,256.28,9,9
842538,2025-02-07,Kempton,handicap,hurdle,2m 5f,4620,Sirekoff,6,109,-72.93,-72.93,-,-51.95,308.98,308.98,11,11
836807,2025-01-01,Exeter,handicap,hurdle,2m 5f 137y,4757,Of Corse I Can,8,80,-72.83,-72.83,23.84,25.77,331.93,331.93,9,9
893228,2025-12-10,Hexham,handicap,chase,2m 4f 15y,4415,The Jeweller's Pet,4,97,-72.83,-72.83,111.83,27.51,321.05,321.05,11,11
844645,2025-02-20,Huntingdon,handicap,hurdle,2m 3f 137y,4317,Briery Butterfly,5,91,272.30,272.30,-,294.71,290.52,290.52,14,14
844642,2025-02-20,Huntingdon,maiden,hurdle,2m 4f 145y,4545,Varinia,11,,-72.24,-72.24,-,-60.25,309.10,309.10,11,11
854537,2025-04-26,Sandown,handicap,hurdle,2m 3f 173y,4353,Peacenik,5,124,272.22,272.22,-,256.43,324.83,324.83,7,7
845373,2025-02-26,Bangor-on-Dee,maiden,hurdle,2m 145y,3665,Getaways Gift,4,,-72.18,-72.16,-,17.06,244.50,244.50,20,17
842538,2025-02-07,Kempton,handicap,hurdle,2m 5f,4620,Thunderclap,5,112,-72.18,-72.18,-,-51.20,308.98,308.98,11,11
847052,2025-03-08,Ayr,handicap,hurdle,3m 70y,5350,Jirko,10,93,-72.15,-72.15,23.62,-4.60,389.56,389.56,10,10
845578,2025-02-27,Taunton,handicap,hurdle,2m 7f 198y,5258,Salley Gardens,5,112,-71.79,-71.79,-,-16.00,359.03,359.03,9,9
845777,2025-02-28,Ffos Las,handicap,hurdle,2m 4f,4400,Twp Stori,4,87,-71.76,-71.76,68.71,42.76,303.58,303.58,26,26
889586,2025-11-15,Uttoxeter,maiden,hurdle,2m 3f 207y,4387,Cool Brise,7,,-71.68,-71.68,-,38.42,301.73,301.73,31,31
889604,2025-11-16,Fontwell,handicap,hurdle,2m 5f 164y,4784,No Guarantee,9,77,-71.65,-71.65,-,-58.15,329.30,329.30,19,19
893228,2025-12-10,Hexham,handicap,chase,2m 4f 15y,4415,King Of Cong,3,95,-71.58,-71.58,113.08,28.76,321.05,321.05,11,11
845374,2025-02-26,Bangor-on-Dee,maiden,hurdle,2m 3f 123y,4303,Kingbel Du Lion,1,,-71.36,-71.36,-,33.08,287.48,287.48,20,20
866535,2025-07-06,Market Rasen,maiden,nh_flat,2m 125y,3645,Minella Dreams,7,,-71.31,-86.59,-3.80,-40.23,254.00,250.96,39,11
845578,2025-02-27,Taunton,handicap,hurdle,2m 7f 198y,5258,Sirekoff,4,106,-71.29,-71.29,-,-15.50,359.03,359.03,9,9
845775,2025-02-28,Ffos Las,handicap,chase,2m 7f 177y,5237,The Big Reveal,4,81,-70.86,-70.86,101.38,55.32,387.95,387.95,9,9
842529,2025-02-07,Bangor-on-Dee,handicap,chase,3m 30y,5310,Victoria Milano,6,112,-70.82,-70.82,-,-6.21,371.09,371.09,10,10
838565,2025-01-13,Exeter,handicap,hurdle,2m 5f 137y,4757,Stage Show,13,81,-70.65,-70.65,-19.24,16.32,331.93,331.93,9,9
884366,2025-10-15,Wetherby,handicap,hurdle,3m 26y,5306,East Eagle,9,82,270.61,270.61,-,243.08,382.89,382.89,9,9
844645,2025-02-20,Huntingdon,handicap,hurdle,2m 3f 137y,4317,Queen Of Steel,6,81,270.55,270.55,-,292.96,290.52,290.52,14,14
842721,2025-02-09,Chepstow,handicap,hurdle,2m 7f 131y,5191,River Voyage,2,88,-70.52,-94.34,15.88,-4.16,361.16,356.32,20,11
836773,2025-01-01,Musselburgh,handicap,chase,2m 4f 68y,4468,Valleyview Tommy,6,88,-70.52,-70.52,28.37,9.24,312.63,312.63,7,7
842695,2025-02-08,Uttoxeter,novice,hurdle,2m 7f 70y,5130,Special John,4,,-70.46,-70.46,-,-18.04,352.19,352.19,25,25
845185,2025-02-21,Exeter,handicap,hurdle,2m 5f 137y,4757,Cooleenymore,3,102,-70.41,-70.41,82.67,-12.56,331.93,331.93,9,9
845202,2025-02-25,Leicester,maiden,chase,2m 4f 25y,4425,Fine Dining,4,,-70.41,-70.41,38.85,27.89,322.39,322.39,9,9
845775,2025-02-28,Ffos Las,handicap,chase,2m 7f 177y,5237,Jikala,3,84,-70.36,-70.36,101.88,55.82,387.95,387.95,9,9
896321,2025-12-31,Uttoxeter,maiden,hurdle,2m 7f 70y,5130,Inishcorker,2,123,-70.34,-70.34,37.99,-45.15,352.19,352.19,25,25
893859,2025-12-15,Plumpton,handicap,hurdle,2m 4f 116y,4516,El Arco,7,84,-69.99,-69.99,-,-59.06,305.43,305.43,11,11
845185,2025-02-21,Exeter,handicap,hurdle,2m 5f 137y,4757,Chauffeur Driven,2,91,-69.91,-69.91,83.17,-12.06,331.93,331.93,9,9
859284,2025-05-26,Huntingdon,handicap,hurdle,3m 1f 10y,5510,Saint Bibiana,1,110,269.74,269.74,106.21,245.48,385.70,385.70,11,11
891846,2025-11-29,Bangor-on-Dee,handicap,chase,2m 4f 72y,4472,Ilovethenightlife,2,124,-69.69,-69.69,45.83,-17.28,302.99,302.99,8,8
869244,2025-07-21,Cartmel,handicap,chase,3m 1f 107y,5607,Cloughroe,5,116,-69.59,-69.59,32.81,25.23,393.51,393.51,7,7
842864,2025-02-10,Catterick,,nh_flat,1m 7f 156y,3456,Fearless Dragon,5,,-69.38,-84.13,-67.08,-74.91,230.40,227.68,15,3
841727,2025-01-30,Wincanton,chase,chase,3m 1f 30y,5530,King Orry,4,100,-69.32,-69.32,-,62.04,405.29,405.29,10,10
841295,2025-01-30,Wincanton,handicap,hurdle,2m 3f 179y,4359,Stage Show,7,79,-69.12,-69.12,-,55.89,296.91,296.91,8,8
839098,2025-01-11,Ffos Las,handicap,hurdle,2m 4f,4400,Walkinthewoods,7,92,-69.03,-69.03,-,-0.35,303.58,303.58,26,26
842721,2025-02-09,Chepstow,handicap,hurdle,2m 7f 131y,5191,Lightonthewing,1,84,-69.02,-92.84,17.38,-2.66,361.16,356.32,20,11
879811,2025-09-19,Newton Abbot,maiden,hurdle,2m 5f 122y,4742,Cinnodin,3,,-69.00,-69.00,-,-41.92,319.81,319.81,16,16
844083,2025-02-18,Taunton,maiden,hurdle,2m 104y,3624,Bradman,8,,-68.98,-63.83,-,-41.91,243.29,244.31,25,20
854537,2025-04-26,Sandown,handicap,hurdle,2m 3f 173y,4353,Got Grey,6,113,268.97,268.97,-,253.18,324.83,324.83,7,7
852224,2025-04-11,Ayr,handicap,hurdle,2m 5f 91y,4711,Thunder Rock,7,139,268.95,268.95,142.69,277.44,351.14,351.14,3,3
857320,2025-05-14,Perth,chase,chase,2m 7f 180y,5240,Somptueux,3,121,-68.86,-68.86,-,-88.47,368.13,368.13,15,15
839098,2025-01-11,Ffos Las,handicap,hurdle,2m 4f,4400,Our Dylan,6,102,-68.73,-68.73,-,-0.05,303.58,303.58,26,26
862572,2025-06-13,Newton Abbot,handicap,hurdle,3m 2f 105y,5825,Boskill Borden,7,89,-68.66,-68.66,-,-60.50,397.17,397.17,8,8
865303,2025-06-29,Cartmel,novice,hurdle,2m 1f 46y,3786,Nika Pika,8,,-68.61,-68.61,-,-45.45,252.59,252.59,15,15
842406,2025-02-06,Ffos Las,handicap,chase,2m 7f 177y,5237,Bobmahley,9,98,-68.48,-68.48,37.85,46.09,387.95,387.95,9,9
850968,2025-04-03,Aintree,,nh_flat,2m 209y,3729,Kapability,20,113,-68.46,-81.17,-65.53,-77.05,245.09,242.84,11,5
839098,2025-01-11,Ffos Las,handicap,hurdle,2m 4f,4400,Siberian Star,5,98,-68.23,-68.23,-,0.45,303.58,303.58,26,26
891841,2025-11-29,Doncaster,handicap,chase,3m 2f 1y,5721,No Regrets,4,108,-68.17,-68.17,-,5.80,392.00,392.00,3,3
857320,2025-05-14,Perth,chase,chase,2m 7f 180y,5240,Shantou Moon,2,84,-68.11,-68.11,-,-87.72,368.13,368.13,15,15
839098,2025-01-11,Ffos Las,handicap,hurdle,2m 4f,4400,Jukebox Joker,4,80,-68.03,-68.03,-,0.65,303.58,303.58,26,26
843756,2025-02-15,Wincanton,maiden,hurdle,1m 7f 50y,3350,Gore Point,14,,-67.99,-67.99,-,-34.62,222.51,222.51,25,19
841295,2025-01-30,Wincanton,handicap,hurdle,2m 3f 179y,4359,Bellamy's Grey,6,73,-67.87,-67.87,-,57.14,296.91,296.91,8,8
845777,2025-02-28,Ffos Las,handicap,hurdle,2m 4f,4400,Leech,3,95,-67.76,-67.76,72.71,46.76,303.58,303.58,26,26
842528,2025-02-07,Bangor-on-Dee,chase,chase,3m 30y,5310,Frontal Assault,6,135,-67.48,-67.48,-,-3.73,371.09,371.09,10,10
888544,2025-11-08,Wincanton,handicap,chase,3m 1f 30y,5530,Threeunderthrufive,4,152,267.38,267.38,137.47,229.06,410.61,410.61,10,10
869244,2025-07-21,Cartmel,handicap,chase,3m 1f 107y,5607,Jerrash,4,120,-67.34,-67.34,35.06,27.48,393.51,393.51,7,7
842701,2025-02-08,Uttoxeter,handicap,hurdle,2m 3f 207y,4387,Kalabana,6,80,-67.32,-67.32,-,-26.38,301.73,301.73,31,31
892818,2025-12-05,Sandown,handicap,hurdle,1m 7f 216y,3516,Galactic Charm,7,118,-67.26,-62.52,-,-20.49,255.03,256.06,16,13
844083,2025-02-18,Taunton,maiden,hurdle,2m 104y,3624,I Like Ike,7,,-67.23,-62.08,-,-40.16,243.29,244.31,25,20
889035,2025-11-12,Bangor-on-Dee,novice,hurdle,2m 145y,3665,Thesoldiersminit,8,,-67.23,-67.20,12.91,-18.96,244.50,244.50,20,17
842528,2025-02-07,Bangor-on-Dee,chase,chase,3m 30y,5310,D'jango,5,123,-67.18,-67.18,-,-3.43,371.09,371.09,10,10
845200,2025-02-25,Leicester,handicap,chase,2m 4f 25y,4425,Lady Pretender,3,95,-67.11,-67.11,42.80,30.97,322.39,322.39,9,9
893143,2025-12-09,Uttoxeter,handicap,chase,3m 10y,5290,Madaket,5,116,-66.92,-66.92,43.38,10.65,371.63,371.63,14,14
844654,2025-02-21,Exeter,handicap,chase,3m 54y,5334,Largy Poet,1,132,-66.84,-66.84,107.36,-19.55,381.06,381.06,14,14
882336,2025-10-03,Hexham,handicap,chase,2m 4f 15y,4415,Am Still Here,3,88,-66.81,-66.81,-,-59.28,321.05,321.05,11,11
885396,2025-10-21,Perth,handicap,hurdle,2m 4f 35y,4435,Cher Tara,3,97,-66.75,-66.75,-,-9.72,305.47,305.47,23,23
888544,2025-11-08,Wincanton,handicap,chase,3m 1f 30y,5530,Tommie Beau,5,135,266.63,266.63,136.72,228.31,410.61,410.61,10,10
869062,2025-07-20,Stratford,handicap,hurdle,3m 2f 83y,5803,Hurst Hill,2,86,-66.53,-66.53,-,-90.48,400.50,400.50,3,3
869241,2025-07-21,Cartmel,handicap,hurdle,2m 6f 31y,4871,Sky Luna,9,91,-66.52,-66.52,28.07,16.95,335.55,335.55,12,12
854537,2025-04-26,Sandown,handicap,hurdle,2m 3f 173y,4353,Electric Mason,7,130,266.47,266.47,-,250.68,324.83,324.83,7,7
889378,2025-11-14,Southwell,handicap,hurdle,2m 4f 88y,4488,Chaos Control,7,114,-66.45,-70.29,-,-13.52,319.13,318.35,33,23
879024,2025-09-15,Worcester,maiden,hurdle,2m,3520,Truly Yours,12,,-66.33,-63.14,-15.71,-58.07,235.44,236.05,46,34
840543,2025-01-26,Fontwell,handicap,chase,2m 5f 135y,4755,Master Mikey Dee,4,69,-66.32,-66.32,42.33,-9.53,342.37,342.37,7,7
836808,2025-01-01,Exeter,novice,hurdle,2m 161y,3681,Tractor Jack,5,,-66.27,-74.05,2.26,5.81,253.39,251.88,24,18
869241,2025-07-21,Cartmel,handicap,hurdle,2m 6f 31y,4871,Perfect Poli,8,84,-66.22,-66.22,28.37,17.25,335.55,335.55,12,12
838889,2025-01-11,Ffos Las,handicap,hurdle,2m 7f 191y,5251,Mahland,8,121,-66.20,-66.20,-,28.71,365.08,365.08,9,9
845373,2025-02-26,Bangor-on-Dee,maiden,hurdle,2m 145y,3665,Scar Bridge,3,,-66.18,-66.16,-,23.06,244.50,244.50,20,17
847052,2025-03-08,Ayr,handicap,hurdle,3m 70y,5350,Lord De Vinci,9,99,-66.15,-66.15,29.62,1.40,389.56,389.56,10,10
840552,2025-01-25,Uttoxeter,handicap,chase,3m 2f 13y,5733,Wal Buck's,3,114,-65.88,-65.88,39.79,-22.47,405.30,405.30,7,7
838917,2025-01-15,Newbury,handicap,hurdle,3m 52y,5332,Fontana Ellissi,8,113,-65.87,-65.87,-,17.93,358.25,358.25,4,4
839098,2025-01-11,Ffos Las,handicap,hurdle,2m 4f,4400,Korus,3,105,-65.78,-65.78,-,2.90,303.58,303.58,26,26
842720,2025-02-09,Chepstow,handicap,hurdle,2m 3f 100y,4280,Jukebox Joker,8,80,-65.78,-65.78,41.86,9.25,296.73,296.73,21,21
891847,2025-11-29,Bangor-on-Dee,handicap,chase,3m 30y,5310,Abbeydale,7,120,-65.64,-65.64,68.69,0.50,371.09,371.09,10,10
894600,2025-12-19,Uttoxeter,maiden,hurdle,1m 7f 168y,3468,Driver's Pick,10,,-65.62,-73.75,30.77,-,236.00,234.41,50,41
884760,2025-10-13,Hereford,handicap,hurdle,2m 5f 163y,4783,Donnie Azoff,1,117,265.52,265.52,-,229.96,340.88,340.88,4,4
895800,2025-12-27,Wetherby,handicap,hurdle,3m 26y,5306,Westerdale,10,77,-65.46,-65.46,-,-19.65,361.35,361.35,9,9
893143,2025-12-09,Uttoxeter,handicap,chase,3m 10y,5290,Bells Of Peterboro,4,115,-65.42,-65.42,44.88,12.15,371.63,371.63,14,14
840552,2025-01-25,Uttoxeter,handicap,chase,3m 2f 13y,5733,Gold Emery,2,110,-65.38,-65.38,40.29,-21.97,405.30,405.30,7,7
841177,2025-01-26,Fontwell,,nh_flat,2m 1f 162y,3902,Saddlers Dream,6,,-65.31,-83.30,27.25,-18.89,266.10,262.63,40,7
844641,2025-02-20,Huntingdon,handicap,hurdle,3m 1f 10y,5510,Punxsutawney Phil,4,107,-65.28,-65.28,-,-51.46,378.27,378.27,11,11
862836,2025-06-14,Hexham,handicap,hurdle,2m 4f 28y,4428,Miss Maverick,3,117,-65.24,-65.24,-,-83.43,316.10,316.10,19,19
854537,2025-04-26,Sandown,handicap,hurdle,2m 3f 173y,4353,Push The Button,8,135,265.22,265.22,-,249.43,324.83,324.83,7,7
842528,2025-02-07,Bangor-on-Dee,chase,chase,3m 30y,5310,Minella Trump,4,130,-65.18,-65.18,-,-1.43,371.09,371.09,10,10
889036,2025-11-12,Bangor-on-Dee,handicap,hurdle,2m 3f 123y,4303,Go Dante,6,131,-65.13,-65.13,33.05,-5.48,287.48,287.48,20,20
842719,2025-02-09,Chepstow,handicap,chase,2m 7f 131y,5191,Phantom Getaway,4,110,-65.04,-54.42,67.40,32.95,361.16,363.26,20,8
842537,2025-02-07,Kempton,handicap,chase,3m,5280,Onethreefivenotout,6,113,-64.97,-64.97,-,-41.65,361.75,361.75,8,8
895800,2025-12-27,Wetherby,handicap,hurdle,3m 26y,5306,Glory Hights,9,89,-64.96,-64.96,-,-19.15,361.35,361.35,9,9
880048,2025-09-21,Plumpton,handicap,hurdle,3m 217y,5497,The Wise Traveller,1,97,264.96,264.96,112.12,227.28,387.75,387.75,10,10
896325,2025-12-31,Uttoxeter,maiden,nh_flat,1m 7f 168y,3468,Maria Mes,12,,-64.90,-64.90,28.54,-46.04,236.00,236.00,50,8
892736,2025-12-04,Market Rasen,handicap,chase,2m 3f 34y,4214,Lone Soldier,4,78,-64.79,-64.79,-,-40.38,294.85,294.85,5,5
843757,2025-02-15,Wincanton,handicap,chase,1m 7f 149y,3449,Famoso,5,110,-64.71,-64.71,-,-29.28,231.28,231.28,2,2
845454,2025-02-23,Hereford,handicap,chase,3m 1f 44y,5544,Jo Lescribaa,3,104,-64.66,-64.66,55.19,5.05,391.27,391.27,12,12
894442,2025-12-18,Exeter,handicap,chase,2m 3f 48y,4228,Valirann Gold,2,86,-64.64,-64.64,64.35,36.35,298.00,298.00,11,11
834743,2025-01-01,Cheltenham,handicap,hurdle,2m 7f 213y,5273,Itchy Feet,8,139,-64.61,-64.61,52.49,48.78,359.11,359.11,7,7
889937,2025-11-18,Kelso,maiden,hurdle,2m 4f 189y,4589,Fairlawn Skipper,4,108,-64.42,-64.42,-,-5.36,311.98,311.98,17,17
847052,2025-03-08,Ayr,handicap,hurdle,3m 70y,5350,Miami Steve,8,100,-64.40,-64.40,31.37,3.15,389.56,389.56,10,10
